{"CC_Apoptosis_Network": 1.794871794871795, "CC_Arabidopsis_thaliana_CC": 4.714285714285714, "CC_Aurora_Kinase_A": 2.0526315789473686, "CC_Body_Segmentation": 1.5, "CC_Bordetella_bronchiseptica": 2.393939393939394, "CC_Bortezomib_Responses_in_U266": 1.967741935483871, "CC_BT474_Breast_Cell": 2.8095238095238093, "CC_BT474_Breast_Cell_v2": 2.909090909090909, "CC_Budding _Yeast_CC_2009": 3.2777777777777777, "CC_Budding_Yeast_Cell_Cycle": 2.3125, "CC_B_bronchiseptica": 2.5, "CC_B_cell_differentiation": 2.0, "CC_Cardiac_development": 2.642857142857143, "CC_CD4p_TCell_Diff_Plas": 6.0, "CC_CD4_Tcell_signaling": 1.896103896103896, "CC_CellCycle_Transc_Coup_CDK_Oscillators": 2.111111111111111, "CC_Cholesterol_Regulatory_Pathway": 1.2647058823529411, "CC_Colitis_associated_colon_cancer": 2.2028985507246377, "CC_Cortical_Area_Development": 2.8, "CC_Death_Receptor_Signaling": 1.64, "CC_EGFR_ErbB_Signaling": 1.6973684210526316, "CC_Fanconi_anemia_and_checkpoint_recovery": 4.4, "CC_FA_BRCA_pathway": 4.392857142857143, "CC_FGF_pathway_of_Drosophila_Signalling_Pathways": 1.0714285714285714, "CC_Guard_Cell_Abscisic_Acid_Signaling": 1.625, "CC_HCC1954_Breast_Cell_Line_Short-term_ErbB_Network": 3.1818181818181817, "CC_HGF_Signaling_in_Keratinocytes": 1.5483870967741935, "CC_HH_Pathway_of_Drosophila_Signaling_Pathways": 1.2727272727272727, "CC_HIV1_interactions_with_TCell_Signalling_Pathway": 2.3951612903225805, "CC_Human_Gonadal_Sex_Determination": 4.157894736842105, "CC_IL_1_Signaling": 1.8365384615384615, "CC_IL_6_Signalling": 1.7605633802816902, "CC_Influenza_A_Virus_Replication_Cycle": 2.408333333333333, "CC_Iron_acquisition_and_oxidative_stress_response_in_aspergillus_fumigatus": 1.8, "CC_Lac_Operon": 1.6, "CC_Lymphoid_and_myeloid_cell specification": 2.7096774193548385, "CC_Mammalian_Cell_Cycle": 2.526315789473684, "CC_Mammalian_Cell_Cycle_2006": 3.5, "CC_MAPK_Cancer_Cell_Fate_Network": 2.020408163265306, "CC_Metabolic_Interactions_Gut_Microbiome": 2.4545454545454546, "CC_Neurotransmitter_Signaling_Pathway": 1.375, "CC_Ovarian_Cycle_Follicular_Phase": 0.875, "CC_Oxidative_Stress_Pathway": 1.7222222222222223, "CC_PC12_Cell_Differentiation": 1.7540983606557377, "CC_Predicting_Variabilities_in_Cardiac_Gene": 2.642857142857143, "CC_Pro-inflammatory_Tumor_Microenvironment_in_Acute_Lymphoblastic_Leukemia": 3.1153846153846154, "CC_Processing_of_Spz_Network_from_Drosophila_Signaling_Pathway": 1.0555555555555556, "CC_Regulation_of_L-arabinose_operon_of_Escherichia_coli": 1.2222222222222223, "CC_Senescence_Associated_Secretory_Phenotype": 1.8571428571428572, "CC_Septation_Initiation_Network": 1.391304347826087, "CC_SKBR3_Breast_Cellline_Long-term_ErbB_Network_v1": 3.3333333333333335, "CC_Stomatal_Opening_Model": 3.0454545454545454, "CC_T-Cell_Signaling_2006": 1.2972972972972974, "CC_T-LGL_Survival_Network_2008": 3.3518518518518516, "CC_T-LGL_Survival_Network_2011": 3.4074074074074074, "CC_T-LGL_Survival_Network_2011_Reduced_Network": 2.388888888888889, "CC_Toll_Pathway_of_Drosophila_Signaling_Pathway": 1.0, "CC_Trichostrongylus_retortaeformis": 2.12, "CC_Tumour_Cell_Invasion_and_Migration": 5.033333333333333, "CC_T_cell_differentiation": 1.5789473684210527, "CC_VEGF_Pathway_of_Drosophila_Signaling_Pathway": 1.0, "CC_Wg_Pathway_of_Drosophila_Signalling_Pathways": 1.0}