{"CC_Apoptosis_Network": [[1, 1.25, 1, 1.0, 1.25, 1, 1, 1.25, 1, 1, 1, 1.0, 0.75, 1.0, 1.0, 1, 1, 1, 1.25, 1.0, 1, 1.0, 1, 1, 0.5, 1, 1.0, 1, 1, 1, 1, 0.75, 1, 1.0, 1.25, 1.0, 1, 1, 1.0], [1, 3, 1, 2, 3, 1, 1, 3, 1, 1, 1, 2, 3, 4, 2, 1, 1, 1, 3, 2, 1, 4, 1, 1, 4, 1, 2, 1, 1, 1, 1, 3, 1, 2, 4, 4, 1, 1, 2]], "CC_Arabidopsis_thaliana_CC": [[1.25, 1.078125, 1.0, 1, 1.5, 1.375, 1.5625, 1.328125, 1.5625, 1.25, 1.3125, 1.25, 1.3125, 1.4375], [4, 7, 2, 1, 4, 6, 5, 8, 6, 3, 5, 4, 6, 5]], "CC_Aurora_Kinase_A": [[1, 1.25, 1, 1, 1, 0.75, 1.0, 1.0, 1.0, 1.0, 1, 1.328125, 1.3125, 1, 1, 1.0, 1.25, 1.25, 1], [1, 3, 1, 1, 1, 3, 2, 2, 2, 2, 1, 7, 5, 1, 1, 2, 3, 4, 1]], "CC_Body_Segmentation": [[1.25, 1, 1, 1.0, 1.25, 1, 1, 0.75, 1.0, 1.0, 0.75, 1.0, 1, 1.25], [3, 1, 1, 2, 4, 1, 1, 3, 2, 2, 3, 2, 1, 3]], "CC_Bordetella_bronchiseptica": [[1.0, 1.0, 1, 1.0, 1.0, 0.75, 0.625, 1, 1, 1, 1, 1.0, 1, 1.25, 1.25, 0.75, 0.9375, 1, 1.5, 1, 0.75, 1.3125, 1.0, 1, 0.75, 0.75, 1.0, 1.25, 1, 1.25, 1.25, 1, 1], [2, 4, 1, 2, 2, 3, 6, 1, 1, 1, 1, 2, 1, 3, 3, 3, 5, 1, 4, 1, 3, 5, 2, 1, 3, 3, 2, 3, 1, 3, 4, 1, 1]], "CC_Bortezomib_Responses_in_U266": [[1.0, 1, 1, 1, 1.0, 1, 1, 1, 1, 0.75, 1.25, 0.3125, 1.0, 0.75, 1, 1.0, 1, 1.25, 0.75, 1.0, 0.6875, 1.0, 0.75, 1.0, 1.0, 1.0, 1, 1, 0.5, 1, 1.0, 1, 1, 1, 1.25, 1, 0.75, 1.0, 1, 1.25, 1, 1, 1.0, 1, 0.75, 1.0, 1.5, 1, 1.0625, 0.75, 1, 1, 1, 1, 1.25, 1, 1, 1, 1.0, 1, 1, 0.75], [2, 1, 1, 1, 2, 1, 1, 1, 1, 3, 3, 5, 2, 3, 1, 4, 1, 3, 3, 4, 5, 2, 3, 2, 2, 2, 1, 1, 4, 1, 2, 1, 1, 1, 3, 1, 3, 2, 1, 3, 1, 1, 2, 1, 3, 2, 4, 1, 5, 3, 1, 1, 1, 1, 3, 1, 1, 1, 4, 1, 1, 3]], "CC_BT474_Breast_Cell": [[1.0, 1.0, 0.75, 1.1875, 1.25, 1.25, 1.0, 1, 1.0, 1.25, 1.0, 0.6875, 0.75, 1.0, 1.0, 1, 0.5, 1.1875, 0.1875, 0.6875, 1.0], [2, 2, 6, 5, 4, 3, 2, 1, 2, 4, 2, 5, 3, 2, 2, 1, 4, 5, 6, 5, 4]], "CC_BT474_Breast_Cell_v2": [[0.3125, 0.5, 1.0, 0.75, 1.0625, 0.5, 1.0, 0.3125, 0.75, 0.5, 0.5], [5, 4, 2, 6, 5, 4, 4, 5, 3, 4, 4]], "CC_Budding _Yeast_CC_2009": [[1.25, 1.0, 1.25, 1, 0.5, 1.25, 0.75, 1.375, 1.0, 1.25, 1, 1, 1.25, 1.25, 1.5625, 1, 1.25, 1.0], [4, 2, 4, 1, 4, 4, 3, 6, 2, 4, 1, 1, 3, 6, 6, 1, 4, 2]], "CC_Budding_Yeast_Cell_Cycle": [[1.0, 1.0, 0.75, 1.5625, 1, 1, 1, 1, 1.0, 0.5, 0.75, 1.0, 1.1875, 1.25, 1.25, 1.0], [2, 2, 3, 6, 1, 1, 1, 1, 2, 4, 3, 2, 5, 3, 4, 2]], "CC_B_bronchiseptica": [[1.25, 1.25, 1, 1, 1.25, 1.0, 1, 1.0, 1.0, 1.25, 1.0, 0.75, 1.0, 1.0, 1.0, 1.5, 1, 1.0, 1.0, 1.25, 1.0625, 1.0, 1.0, 1.0625, 1.328125, 1.0, 1, 1.4375, 1, 0.75, 1, 1.0, 0.75, 1, 0.75, 0.75, 0.75, 0.75, 1, 1, 1, 0.625, 1, 0.6875, 1.0, 1.0, 1, 1, 0.6875, 1.0, 1.25, 1.0], [3, 3, 1, 1, 3, 2, 1, 2, 2, 3, 2, 3, 2, 2, 2, 4, 1, 4, 2, 3, 5, 2, 2, 6, 8, 2, 1, 5, 1, 3, 1, 2, 3, 1, 3, 3, 3, 3, 1, 1, 1, 6, 1, 5, 2, 4, 1, 1, 5, 2, 3, 2]], "CC_B_cell_differentiation": [[0.75, 1.0, 1, 1, 1.25, 1, 0.734375, 1, 1, 1, 1, 1.25, 1, 1, 1.0, 1.0, 1], [6, 2, 1, 1, 4, 1, 7, 1, 1, 1, 1, 4, 1, 1, 4, 2, 1]], "CC_Cardiac_development": [[1.0, 1.25, 0.6875, 1.0, 0.859375, 1.25, 1.0, 1.0625, 0.75, 1, 1, 1, 1, 1], [2, 3, 5, 2, 7, 3, 2, 6, 3, 1, 1, 1, 1, 1]], "CC_CD4p_TCell_Diff_Plas": [[0.921875, 1.25, 0.3515625, 0.6875, 0.265625, 0.30859375, 0.1875, 1.125, 0.234375, 0.625, 0.625, 0.5], [7, 4, 10, 5, 7, 9, 6, 6, 8, 6, 6, 4]], "CC_CD4_Tcell_signaling": [[1.0, 1.0, 1, 1, 1, 1.0, 1, 1.0, 1.25, 0.1875, 0.75, 1, 1, 1, 1.0, 1.0, 1.0, 1, 1.0, 1, 1, 1, 1.0, 1, 1, 1.0, 1.0, 1.0, 1, 1, 1.0, 1.0, 0.5, 1, 0.921875, 1, 1.0, 1, 1, 1, 0.75, 1.0, 1, 1, 0.75, 1, 0.75, 1.25, 1.1875, 1.0, 1.0, 0.6875, 1, 1, 1, 1, 0.75, 1.25, 0.75, 1, 1, 1.0, 1, 1.4375, 1.08984375, 1.0, 1, 1, 1, 1.25, 1, 1, 1.0, 1, 1.0, 1.25, 1.5, 1, 1.0, 1.0, 0.5, 0.265625, 1, 1, 1, 1.109375, 1.0, 1, 1, 1, 1.0, 1.0, 1, 1.25, 1, 0.75, 1.0, 1, 1.0, 1, 1, 1.0, 1.0, 1, 1, 1.1875, 1, 1.0, 1.0, 1.0, 1, 0.21484375, 0.6875, 1.0, 0.6875, 0.75, 1.0, 1.0, 1, 1.0, 1.0, 1, 0.75, 1.0, 1, 1, 0.4375, 1, 1.0, 1.25, 1, 0.75, 1, 1, 1, 0.75, 1, 1.0, 1, 1.0, 1.0, 1, 1, 1, 0.3125, 1.0, 1.0, 1, 1.0, 0.75, 1, 1.5, 1, 1], [2, 2, 1, 1, 1, 2, 1, 2, 3, 6, 3, 1, 1, 1, 2, 2, 2, 1, 4, 1, 1, 1, 2, 1, 1, 2, 2, 2, 1, 1, 2, 4, 4, 1, 7, 1, 4, 1, 1, 1, 3, 4, 1, 1, 3, 1, 3, 4, 5, 4, 4, 5, 1, 1, 1, 1, 3, 3, 3, 1, 1, 2, 1, 5, 10, 2, 1, 1, 1, 3, 1, 1, 2, 1, 2, 4, 3, 1, 2, 2, 4, 7, 1, 1, 1, 8, 2, 1, 1, 1, 2, 2, 1, 3, 1, 3, 2, 1, 2, 1, 1, 2, 2, 1, 1, 5, 1, 2, 2, 2, 1, 9, 5, 2, 5, 3, 4, 4, 1, 2, 4, 1, 3, 2, 1, 1, 6, 1, 2, 3, 1, 3, 1, 1, 1, 3, 1, 2, 1, 2, 2, 1, 1, 1, 5, 2, 2, 1, 2, 3, 1, 6, 1, 1]], "CC_CellCycle_Transc_Coup_CDK_Oscillators": [[1.0, 1, 1, 0.5, 1.0, 1.0, 1.0, 1.0, 1], [2, 1, 1, 4, 2, 4, 2, 2, 1]], "CC_Cholesterol_Regulatory_Pathway": [[1, 1.0, 1, 1, 1, 1, 1.0, 1, 1, 0.75, 1.0, 1, 1, 1.0, 1, 1, 1.0, 1, 1, 1, 1.0, 1, 1, 1, 1, 1, 1, 1, 1, 1, 1, 1, 1.0, 1], [1, 2, 1, 1, 1, 1, 2, 1, 1, 3, 2, 1, 1, 2, 1, 1, 2, 1, 1, 1, 2, 1, 1, 1, 1, 1, 1, 1, 1, 1, 1, 1, 2, 1]], "CC_Colitis_associated_colon_cancer": [[1.0, 1.0, 1.0, 0.75, 1, 0.75, 1, 1.25, 1.0, 1.0, 1, 1, 1.25, 1, 1.25, 1, 1.0, 1.0, 1, 1, 1.25, 1.0, 0.75, 1, 0.5, 1.25, 1.0, 1, 1, 0.75, 1.0, 0.75, 1.0, 1, 1, 1.0, 1.0, 1.0, 1.0, 1, 1.0, 1.25, 0.75, 1, 1.0, 1, 1.0, 1, 0.6875, 1.0, 0.75, 1.0, 1.0, 1.25, 1.0, 1, 1.0, 1.25, 1.0, 1.0, 1.0, 1, 1.0, 1, 0.5, 1.25, 1.25, 1.0, 1.0], [2, 2, 2, 3, 1, 3, 1, 4, 2, 2, 1, 1, 3, 1, 3, 1, 4, 4, 1, 1, 4, 2, 3, 1, 4, 3, 2, 1, 1, 3, 2, 3, 2, 1, 1, 2, 2, 2, 2, 1, 2, 3, 3, 1, 4, 1, 2, 1, 5, 2, 3, 2, 2, 3, 4, 1, 2, 3, 2, 2, 2, 1, 2, 1, 4, 4, 3, 2, 2]], "CC_Cortical_Area_Development": [[0.5, 0.75, 1.0, 0.75, 1.0], [4, 3, 2, 3, 2]], "CC_Death_Receptor_Signaling": [[1.25, 1.0, 0.75, 1.0, 1.25, 1, 1.0, 1, 1, 1.25, 1, 1.0, 1.0, 1.0, 1, 1.0, 1.0, 1, 1, 1.0, 1.25, 1, 1, 1, 1], [4, 2, 3, 2, 3, 1, 2, 1, 1, 3, 1, 2, 2, 2, 1, 2, 2, 1, 1, 2, 3, 1, 1, 1, 1]], "CC_EGFR_ErbB_Signaling": [[1, 1, 1, 1.0, 1.0, 0.0625, 1.0, 1.0, 1.0, 0.75, 1, 1, 1, 1.0, 1.0, 1, 0.03515625, 1.0, 1, 1.0, 0.689453125, 0.75, 1, 0.75, 1.25, 1, 1.0, 0.75, 1.001220703125, 0.75, 1, 1.26171875, 1, 1, 1.0, 0.6875, 1, 1.0, 1, 0.75, 0.501953125, 1.0, 1, 1, 0.765625, 0.75, 1, 1.0, 1.0, 1, 1.25, 1.03125, 1.125, 1.0, 1, 1.0, 0.75, 1, 1.0, 1.25, 1, 1.0, 1, 1, 1, 1, 1.046875, 1, 1.0, 1.0, 0.5, 1.0, 1, 1.25, 0.75, 0.76171875], [1, 1, 1, 2, 2, 8, 2, 2, 2, 3, 1, 1, 1, 2, 2, 1, 9, 2, 1, 2, 12, 3, 1, 3, 3, 1, 2, 3, 14, 3, 1, 10, 1, 1, 2, 5, 1, 2, 1, 3, 12, 2, 1, 1, 7, 3, 1, 2, 2, 1, 3, 8, 6, 2, 1, 2, 3, 1, 4, 3, 1, 2, 1, 1, 1, 1, 8, 1, 2, 2, 4, 2, 1, 4, 3, 9]], "CC_Fanconi_anemia_and_checkpoint_recovery": [[1.25, 0.34375, 1.0, 1.0, 1.0, 0.3125, 1.0, 1.0, 1.25, 1.1875, 1.390625, 1.0, 1.0, 0.6875, 1.0], [4, 7, 4, 2, 2, 5, 2, 4, 3, 8, 7, 4, 2, 5, 4]], "CC_FA_BRCA_pathway": [[1.25, 0.75, 1.3125, 0.4375, 0.625, 1.0, 0.3125, 0.5, 1, 1.0, 1.375, 1.25, 1.0, 1.25, 0.75, 0.75, 1.25, 1.0625, 1.265625, 1.25, 1.5, 1.25, 1.0, 0.90234375, 1.0625, 1.3125, 1.0625, 1.0625], [4, 3, 6, 6, 6, 2, 5, 4, 1, 2, 6, 4, 4, 4, 3, 3, 4, 5, 7, 3, 4, 4, 2, 9, 6, 5, 5, 5]], "CC_FGF_pathway_of_Drosophila_Signalling_Pathways": [[1.0, 1, 1.0, 1, 1.0, 1, 1, 1.0, 1, 1, 1.0, 0.5, 1.0, 1], [2, 1, 2, 1, 2, 1, 1, 1, 1, 1, 2, 4, 2, 1]], "CC_Guard_Cell_Abscisic_Acid_Signaling": [[1, 1, 1, 1.25, 0.75, 1.25, 1, 1, 0.5, 1, 1, 1.0, 1, 1.0, 1, 0.6875, 1.25, 1, 0.75, 1.5, 1, 1, 1, 1, 1, 1, 1, 1, 1, 1.25, 1, 0.75, 1.5, 1.0, 1, 1, 0.3125, 1.0, 1.25, 1], [1, 1, 1, 3, 3, 3, 1, 1, 4, 1, 1, 2, 1, 2, 1, 5, 3, 1, 3, 4, 1, 1, 1, 1, 1, 1, 1, 1, 1, 4, 1, 3, 3, 2, 1, 1, 5, 2, 4, 1]], "CC_HCC1954_Breast_Cell_Line_Short-term_ErbB_Network": [[0.5, 0.3125, 0.75, 0.3125, 0.75, 0.3125, 1.0625, 1.0, 1.0, 0.5, 1.0625], [4, 5, 3, 5, 6, 5, 5, 2, 2, 4, 5]], "CC_HGF_Signaling_in_Keratinocytes": [[0.75, 1.0, 1, 1.25, 1, 1.0, 1, 1, 1.0, 1.0, 1.0, 1, 1.0, 1, 1, 1, 1, 0.75, 1, 1, 1, 1, 1.25, 1, 0.75, 0.5, 1, 1.0, 1, 1, 1, 1, 1.0, 0.75, 1, 1.0, 1.0, 1, 1, 1, 1.0, 1.0, 1, 1, 1, 1, 1, 1, 1, 1.25, 0.75, 1, 1, 1.0, 1.0, 1, 1, 1, 0.75, 1.0, 1.25, 1.25], [3, 2, 1, 3, 1, 2, 1, 1, 2, 2, 2, 1, 2, 1, 1, 1, 1, 3, 1, 1, 1, 1, 3, 1, 3, 4, 1, 2, 1, 1, 1, 1, 2, 3, 1, 2, 2, 1, 1, 1, 2, 2, 1, 1, 1, 1, 1, 1, 1, 3, 3, 1, 1, 2, 2, 1, 1, 1, 3, 2, 4, 3]],