{"CC_Apoptosis_Network": 1.1397435897435897, "CC_Arabidopsis_thaliana_CC": 1.1667410714285713, "CC_Aurora_Kinase_A": 1.1595394736842104, "CC_Body_Segmentation": 1.1839285714285714, "CC_Bordetella_bronchiseptica": 1.137121212121212, "CC_Bortezomib_Responses_in_U266": 1.1455645161290324, "CC_BT474_Breast_Cell": 1.19375, "CC_BT474_Breast_Cell_v2": 1.1988636363636362, "CC_Budding _Yeast_CC_2009": 1.1434027777777778, "CC_Budding_Yeast_Cell_Cycle": 1.18203125, "CC_B_bronchiseptica": 1.2100360576923077, "CC_B_cell_differentiation": 1.0686580882352943, "CC_Cardiac_development": 1.103125, "CC_CD4p_TCell_Diff_Plas": 1.0813802083333333, "CC_CD4_Tcell_signaling": 1.1393364448051948, "CC_CellCycle_Transc_Coup_CDK_Oscillators": 1.2083333333333333, "CC_Cholesterol_Regulatory_Pathway": 1.0830882352941176, "CC_Colitis_associated_colon_cancer": 1.2132246376811595, "CC_Cortical_Area_Development": 1.4, "CC_Death_Receptor_Signaling": 1.181, "CC_EGFR_ErbB_Signaling": 1.1339631733141446, "CC_Fanconi_anemia_and_checkpoint_recovery": 1.205833333333333, "CC_FA_BRCA_pathway": 1.1534458705357142, "CC_FGF_pathway_of_Drosophila_Signalling_Pathways": 1.125, "CC_Guard_Cell_Abscisic_Acid_Signaling": 1.0978124999999999, "CC_HCC1954_Breast_Cell_Line_Short-term_ErbB_Network": 1.134659090909091, "CC_HGF_Signaling_in_Keratinocytes": 1.1298387096774192, "CC_HH_Pathway_of_Drosophila_Signaling_Pathways": 1.1282670454545456, "CC_HIV1_interactions_with_TCell_Signalling_Pathway": 1.1513953424269154, "CC_Human_Gonadal_Sex_Determination": 1.1824013157894737, "CC_IL_1_Signaling": 1.2094350961538463, "CC_IL_6_Signalling": 1.187676056338028, "CC_Influenza_A_Virus_Replication_Cycle": 1.1260888671875, "CC_Iron_acquisition_and_oxidative_stress_response_in_aspergillus_fumigatus": 1.1534375000000001, "CC_Lac_Operon": 1.2349999999999999, "CC_Lymphoid_and_myeloid_cell specification": 1.165561995967742, "CC_Mammalian_Cell_Cycle": 1.2085526315789472, "CC_Mammalian_Cell_Cycle_2006": 1.13, "CC_MAPK_Cancer_Cell_Fate_Network": 1.1792091836734695, "CC_Metabolic_Interactions_Gut_Microbiome": 1.18125, "CC_Neurotransmitter_Signaling_Pathway": 1.0875, "CC_Ovarian_Cycle_Follicular_Phase": 1.09375, "CC_Oxidative_Stress_Pathway": 1.163888888888889, "CC_PC12_Cell_Differentiation": 1.1430327868852461, "CC_Predicting_Variabilities_in_Cardiac_Gene": 1.1647321428571427, "CC_Pro-inflammatory_Tumor_Microenvironment_in_Acute_Lymphoblastic_Leukemia": 1.1788461538461539, "CC_Processing_of_Spz_Network_from_Drosophila_Signaling_Pathway": 1.0635416666666668, "CC_Regulation_of_L-arabinose_operon_of_Escherichia_coli": 1.2583333333333333, "CC_Senescence_Associated_Secretory_Phenotype": 1.19375, "CC_Septation_Initiation_Network": 1.1532608695652171, "CC_SKBR3_Breast_Cellline_Long-term_ErbB_Network_v1": 1.2486607142857142, "CC_Stomatal_Opening_Model": 1.1448508522727272, "CC_T-Cell_Signaling_2006": 1.0673986486486486, "CC_T-LGL_Survival_Network_2008": 1.2219907407407407, "CC_T-LGL_Survival_Network_2011": 1.2491608796296296, "CC_T-LGL_Survival_Network_2011_Reduced_Network": 1.2319444444444443, "CC_Toll_Pathway_of_Drosophila_Signaling_Pathway": 1.0222222222222221, "CC_Trichostrongylus_retortaeformis": 1.212, "CC_Tumour_Cell_Invasion_and_Migration": 1.104635416666667, "CC_T_cell_differentiation": 1.180263157894737, "CC_VEGF_Pathway_of_Drosophila_Signaling_Pathway": 1.1475, "CC_Wg_Pathway_of_Drosophila_Signalling_Pathways": 1.1239583333333332}