{"CC_Apoptosis_Network": 1.6216931216931216, "CC_Arabidopsis_thaliana_CC": 3.799404761904762, "CC_Aurora_Kinase_A": 1.7627984743155023, "CC_Body_Segmentation": 1.480010946907499, "CC_Bordetella_bronchiseptica": 2.2221969696969697, "CC_Bortezomib_Responses_in_U266": 1.691274961597542, "CC_BT474_Breast_Cell": 2.999515702338284, "CC_BT474_Breast_Cell_v2": 3.179014431406941, "CC_Budding _Yeast_CC_2009": 2.589259259259259, "CC_Budding_Yeast_Cell_Cycle": 2.270066287878788, "CC_B_bronchiseptica": 2.302525803635617, "CC_B_cell_differentiation": 1.557612363127069, "CC_Cardiac_development": 2.0625850340136056, "CC_CD4p_TCell_Diff_Plas": 5.166327722775476, "CC_CD4_Tcell_signaling": 1.8836290499424226, "CC_CellCycle_Transc_Coup_CDK_Oscillators": 1.5907407407407408, "CC_Cholesterol_Regulatory_Pathway": 0.9632352941176471, "CC_Colitis_associated_colon_cancer": 2.115036231884058, "CC_Cortical_Area_Development": 1.9633333333333334, "CC_Death_Receptor_Signaling": 1.5009833333333333, "CC_EGFR_ErbB_Signaling": 2.268398964837997, "CC_Fanconi_anemia_and_checkpoint_recovery": 3.4455555555555555, "CC_FA_BRCA_pathway": 4.038690476190476, "CC_FGF_pathway_of_Drosophila_Signalling_Pathways": 0.9955708874458875, "CC_Guard_Cell_Abscisic_Acid_Signaling": 1.6076525579283938, "CC_HCC1954_Breast_Cell_Line_Short-term_ErbB_Network": 3.1886340016471038, "CC_HGF_Signaling_in_Keratinocytes": 1.2143604074560028, "CC_HH_Pathway_of_Drosophila_Signaling_Pathways": 2.0488800316598823, "CC_HIV1_interactions_with_TCell_Signalling_Pathway": 2.4820829393933774, "CC_Human_Gonadal_Sex_Determination": 3.6101503759398494, "CC_IL_1_Signaling": 1.6203159590750378, "CC_IL_6_Signalling": 1.8289267968667113, "CC_Influenza_A_Virus_Replication_Cycle": 2.4433836670009095, "CC_Iron_acquisition_and_oxidative_stress_response_in_aspergillus_fumigatus": 1.5986666666666667, "CC_Lac_Operon": 1.749457671957672, "CC_Lymphoid_and_myeloid_cell specification": 2.4772196620583715, "CC_Mammalian_Cell_Cycle": 2.3598997493734335, "CC_Mammalian_Cell_Cycle_2006": 2.2583333333333333, "CC_MAPK_Cancer_Cell_Fate_Network": 1.8078109658977053, "CC_Metabolic_Interactions_Gut_Microbiome": 1.827922077922078, "CC_Neurotransmitter_Signaling_Pathway": 0.853125, "CC_Ovarian_Cycle_Follicular_Phase": 0.7008333333333333, "CC_Oxidative_Stress_Pathway": 1.1524250440917108, "CC_PC12_Cell_Differentiation": 1.4735655737704916, "CC_Predicting_Variabilities_in_Cardiac_Gene": 2.261309523809524, "CC_Pro-inflammatory_Tumor_Microenvironment_in_Acute_Lymphoblastic_Leukemia": 2.7040064102564103, "CC_Processing_of_Spz_Network_from_Drosophila_Signaling_Pathway": 1.117333089668616, "CC_Regulation_of_L-arabinose_operon_of_Escherichia_coli": 1.1884722222222224, "CC_Senescence_Associated_Secretory_Phenotype": 1.6546381463383477, "CC_Septation_Initiation_Network": 1.5409711102458312, "CC_SKBR3_Breast_Cellline_Long-term_ErbB_Network_v1": 3.201641144083005, "CC_Stomatal_Opening_Model": 3.452441404540145, "CC_T-Cell_Signaling_2006": 0.8218693693693694, "CC_T-LGL_Survival_Network_2008": 3.4571800816683873, "CC_T-LGL_Survival_Network_2011": 3.523064301182743, "CC_T-LGL_Survival_Network_2011_Reduced_Network": 2.1101851851851854, "CC_Toll_Pathway_of_Drosophila_Signaling_Pathway": 0.8324074074074075, "CC_Trichostrongylus_retortaeformis": 1.7127229437229439, "CC_Tumour_Cell_Invasion_and_Migration": 4.778958333333334, "CC_T_cell_differentiation": 1.2794736842105263, "CC_VEGF_Pathway_of_Drosophila_Signaling_Pathway": 1.077, "CC_Wg_Pathway_of_Drosophila_Signalling_Pathways": 1.5992082984479372}