{"CC_Apoptosis_Network": 1.2198717948717948, "CC_Arabidopsis_thaliana_CC": 2.0290178571428568, "CC_Aurora_Kinase_A": 1.3330592105263155, "CC_Body_Segmentation": 1.2285714285714282, "CC_Bordetella_bronchiseptica": 1.3428030303030303, "CC_Bortezomib_Responses_in_U266": 1.2461693548387096, "CC_BT474_Breast_Cell": 1.6142857142857143, "CC_BT474_Breast_Cell_v2": 1.8312499999999996, "CC_Budding _Yeast_CC_2009": 1.6149305555555558, "CC_Budding_Yeast_Cell_Cycle": 1.3671875, "CC_B_bronchiseptica": 1.411388221153846, "CC_B_cell_differentiation": 1.3089154411764707, "CC_Cardiac_development": 1.4061383928571427, "CC_CD4p_TCell_Diff_Plas": 2.4042968749999996, "CC_CD4_Tcell_signaling": 1.3112165178571427, "CC_CellCycle_Transc_Coup_CDK_Oscillators": 1.2055555555555555, "CC_Cholesterol_Regulatory_Pathway": 1.0441176470588236, "CC_Colitis_associated_colon_cancer": 1.288677536231884, "CC_Cortical_Area_Development": 1.4949999999999999, "CC_Death_Receptor_Signaling": 1.196, "CC_EGFR_ErbB_Signaling": 1.467025596217105, "CC_Fanconi_anemia_and_checkpoint_recovery": 1.907083333333333, "CC_FA_BRCA_pathway": 1.9146763392857138, "CC_FGF_pathway_of_Drosophila_Signalling_Pathways": 1.1607142857142858, "CC_Guard_Cell_Abscisic_Acid_Signaling": 1.23421875, "CC_HCC1954_Breast_Cell_Line_Short-term_ErbB_Network": 1.9119318181818183, "CC_HGF_Signaling_in_Keratinocytes": 1.1508064516129033, "CC_HH_Pathway_of_Drosophila_Signaling_Pathways": 1.5225852272727274, "CC_HIV1_interactions_with_TCell_Signalling_Pathway": 1.351193975633191, "CC_Human_Gonadal_Sex_Determination": 1.7329769736842107, "CC_IL_1_Signaling": 1.2286658653846152, "CC_IL_6_Signalling": 1.2632042253521127, "CC_Influenza_A_Virus_Replication_Cycle": 1.39635986328125, "CC_Iron_acquisition_and_oxidative_stress_response_in_aspergillus_fumigatus": 1.1990625, "CC_Lac_Operon": 1.2825, "CC_Lymphoid_and_myeloid_cell specification": 1.460798891129032, "CC_Mammalian_Cell_Cycle": 1.3763157894736842, "CC_Mammalian_Cell_Cycle_2006": 1.675, "CC_MAPK_Cancer_Cell_Fate_Network": 1.2593112244897957, "CC_Metabolic_Interactions_Gut_Microbiome": 1.44375, "CC_Neurotransmitter_Signaling_Pathway": 1.0453125, "CC_Ovarian_Cycle_Follicular_Phase": 1.103125, "CC_Oxidative_Stress_Pathway": 1.1541666666666668, "CC_PC12_Cell_Differentiation": 1.1512295081967214, "CC_Predicting_Variabilities_in_Cardiac_Gene": 1.45703125, "CC_Pro-inflammatory_Tumor_Microenvironment_in_Acute_Lymphoblastic_Leukemia": 1.5704176682692306, "CC_Processing_of_Spz_Network_from_Drosophila_Signaling_Pathway": 1.129513888888889, "CC_Regulation_of_L-arabinose_operon_of_Escherichia_coli": 1.2277777777777776, "CC_Senescence_Associated_Secretory_Phenotype": 1.227295918367347, "CC_Septation_Initiation_Network": 1.2119565217391304, "CC_SKBR3_Breast_Cellline_Long-term_ErbB_Network_v1": 1.7405505952380953, "CC_Stomatal_Opening_Model": 1.6585227272727274, "CC_T-Cell_Signaling_2006": 1.0842905405405405, "CC_T-LGL_Survival_Network_2008": 1.648871527777778, "CC_T-LGL_Survival_Network_2011": 1.6825520833333336, "CC_T-LGL_Survival_Network_2011_Reduced_Network": 1.2722222222222224, "CC_Toll_Pathway_of_Drosophila_Signaling_Pathway": 1.0222222222222221, "CC_Trichostrongylus_retortaeformis": 1.3330000000000002, "CC_Tumour_Cell_Invasion_and_Migration": 2.1188020833333336, "CC_T_cell_differentiation": 1.1822368421052631, "CC_VEGF_Pathway_of_Drosophila_Signaling_Pathway": 1.2125, "CC_Wg_Pathway_of_Drosophila_Signalling_Pathways": 1.3376302083333331}