{"CC_Apoptosis_Network": 1.0878205128205127, "CC_Arabidopsis_thaliana_CC": 1.5071428571428571, "CC_Aurora_Kinase_A": 1.1879111842105263, "CC_Body_Segmentation": 1.0482142857142858, "CC_Bordetella_bronchiseptica": 1.165340909090909, "CC_Bortezomib_Responses_in_U266": 1.1133064516129032, "CC_BT474_Breast_Cell": 1.3050595238095237, "CC_BT474_Breast_Cell_v2": 1.3579545454545454, "CC_Budding _Yeast_CC_2009": 1.226388888888889, "CC_Budding_Yeast_Cell_Cycle": 1.22265625, "CC_B_bronchiseptica": 1.1911658653846153, "CC_B_cell_differentiation": 1.168841911764706, "CC_Cardiac_development": 1.1892857142857143, "CC_CD4p_TCell_Diff_Plas": 1.762109375, "CC_CD4_Tcell_signaling": 1.1649857954545455, "CC_CellCycle_Transc_Coup_CDK_Oscillators": 1.0611111111111111, "CC_Cholesterol_Regulatory_Pathway": 1.0088235294117647, "CC_Colitis_associated_colon_cancer": 1.117572463768116, "CC_Cortical_Area_Development": 1.1099999999999999, "CC_Death_Receptor_Signaling": 1.058, "CC_EGFR_ErbB_Signaling": 1.2908383018092104, "CC_Fanconi_anemia_and_checkpoint_recovery": 1.3954166666666667, "CC_FA_BRCA_pathway": 1.4779715401785714, "CC_FGF_pathway_of_Drosophila_Signalling_Pathways": 1.0232142857142856, "CC_Guard_Cell_Abscisic_Acid_Signaling": 1.09625, "CC_HCC1954_Breast_Cell_Line_Short-term_ErbB_Network": 1.4630681818181819, "CC_HGF_Signaling_in_Keratinocytes": 1.043548387096774, "CC_HH_Pathway_of_Drosophila_Signaling_Pathways": 1.300284090909091, "CC_HIV1_interactions_with_TCell_Signalling_Pathway": 1.1942296181955645, "CC_Human_Gonadal_Sex_Determination": 1.4743832236842105, "CC_IL_1_Signaling": 1.0753004807692308, "CC_IL_6_Signalling": 1.1054577464788733, "CC_Influenza_A_Virus_Replication_Cycle": 1.23374267578125, "CC_Iron_acquisition_and_oxidative_stress_response_in_aspergillus_fumigatus": 1.1225, "CC_Lac_Operon": 0.9924999999999999, "CC_Lymphoid_and_myeloid_cell specification": 1.2035408266129033, "CC_Mammalian_Cell_Cycle": 1.1713815789473685, "CC_Mammalian_Cell_Cycle_2006": 1.1925, "CC_MAPK_Cancer_Cell_Fate_Network": 1.1031887755102041, "CC_Metabolic_Interactions_Gut_Microbiome": 1.1204545454545454, "CC_Neurotransmitter_Signaling_Pathway": 1.0, "CC_Ovarian_Cycle_Follicular_Phase": 1.05625, "CC_Oxidative_Stress_Pathway": 1.0277777777777777, "CC_PC12_Cell_Differentiation": 1.0397540983606557, "CC_Predicting_Variabilities_in_Cardiac_Gene": 1.1845982142857143, "CC_Pro-inflammatory_Tumor_Microenvironment_in_Acute_Lymphoblastic_Leukemia": 1.2842247596153846, "CC_Processing_of_Spz_Network_from_Drosophila_Signaling_Pathway": 1.0694444444444444, "CC_Regulation_of_L-arabinose_operon_of_Escherichia_coli": 1.0527777777777778, "CC_Senescence_Associated_Secretory_Phenotype": 1.0872448979591836, "CC_Septation_Initiation_Network": 1.1141304347826086, "CC_SKBR3_Breast_Cellline_Long-term_ErbB_Network_v1": 1.2891369047619048, "CC_Stomatal_Opening_Model": 1.4087801846590908, "CC_T-Cell_Signaling_2006": 1.0273648648648648, "CC_T-LGL_Survival_Network_2008": 1.3638020833333333, "CC_T-LGL_Survival_Network_2011": 1.3328125, "CC_T-LGL_Survival_Network_2011_Reduced_Network": 1.0194444444444444, "CC_Toll_Pathway_of_Drosophila_Signaling_Pathway": 1.0, "CC_Trichostrongylus_retortaeformis": 1.175, "CC_Tumour_Cell_Invasion_and_Migration": 1.7766145833333333, "CC_T_cell_differentiation": 1.0625, "CC_VEGF_Pathway_of_Drosophila_Signaling_Pathway": 1.0125, "CC_Wg_Pathway_of_Drosophila_Signalling_Pathways": 1.1309895833333334}