{"CC_Apoptosis_Network": 1.119871794871795, "CC_Arabidopsis_thaliana_CC": 0.9085937500000002, "CC_Aurora_Kinase_A": 1.0518914473684209, "CC_Body_Segmentation": 1.094642857142857, "CC_Bordetella_bronchiseptica": 1.1316287878787878, "CC_Bortezomib_Responses_in_U266": 1.1311491935483873, "CC_BT474_Breast_Cell": 1.1273809523809526, "CC_BT474_Breast_Cell_v2": 1.1511363636363634, "CC_Budding _Yeast_CC_2009": 1.0795138888888889, "CC_Budding_Yeast_Cell_Cycle": 1.1359375, "CC_B_bronchiseptica": 1.114182692307692, "CC_B_cell_differentiation": 1.046875, "CC_Cardiac_development": 1.0526785714285716, "CC_CD4p_TCell_Diff_Plas": 0.557421875, "CC_CD4_Tcell_signaling": 1.0750329748376624, "CC_CellCycle_Transc_Coup_CDK_Oscillators": 1.1666666666666665, "CC_Cholesterol_Regulatory_Pathway": 1.0426470588235293, "CC_Colitis_associated_colon_cancer": 1.147644927536232, "CC_Cortical_Area_Development": 1.435, "CC_Death_Receptor_Signaling": 1.117, "CC_EGFR_ErbB_Signaling": 0.9767709832442433, "CC_Fanconi_anemia_and_checkpoint_recovery": 1.0319791666666667, "CC_FA_BRCA_pathway": 1.0538364955357142, "CC_FGF_pathway_of_Drosophila_Signalling_Pathways": 1.075, "CC_Guard_Cell_Abscisic_Acid_Signaling": 1.1309375, "CC_HCC1954_Breast_Cell_Line_Short-term_ErbB_Network": 1.1875, "CC_HGF_Signaling_in_Keratinocytes": 1.0858870967741934, "CC_HH_Pathway_of_Drosophila_Signaling_Pathways": 0.890056818181818, "CC_HIV1_interactions_with_TCell_Signalling_Pathway": 1.1079791653540823, "CC_Human_Gonadal_Sex_Determination": 1.045888157894737, "CC_IL_1_Signaling": 1.1447115384615385, "CC_IL_6_Signalling": 1.1204225352112678, "CC_Influenza_A_Virus_Replication_Cycle": 1.0989363606770832, "CC_Iron_acquisition_and_oxidative_stress_response_in_aspergillus_fumigatus": 1.0440625000000001, "CC_Lac_Operon": 1.1975000000000002, "CC_Lymphoid_and_myeloid_cell specification": 1.0598790322580645, "CC_Mammalian_Cell_Cycle": 1.1944078947368424, "CC_Mammalian_Cell_Cycle_2006": 1.063125, "CC_MAPK_Cancer_Cell_Fate_Network": 1.1468112244897959, "CC_Metabolic_Interactions_Gut_Microbiome": 1.084659090909091, "CC_Neurotransmitter_Signaling_Pathway": 1.040625, "CC_Ovarian_Cycle_Follicular_Phase": 1.075, "CC_Oxidative_Stress_Pathway": 1.1166666666666667, "CC_PC12_Cell_Differentiation": 1.1266393442622953, "CC_Predicting_Variabilities_in_Cardiac_Gene": 0.9898437500000001, "CC_Pro-inflammatory_Tumor_Microenvironment_in_Acute_Lymphoblastic_Leukemia": 1.0900390625, "CC_Processing_of_Spz_Network_from_Drosophila_Signaling_Pathway": 1.0527777777777778, "CC_Regulation_of_L-arabinose_operon_of_Escherichia_coli": 1.1027777777777776, "CC_Senescence_Associated_Secretory_Phenotype": 1.1216836734693878, "CC_Septation_Initiation_Network": 1.1293478260869567, "CC_SKBR3_Breast_Cellline_Long-term_ErbB_Network_v1": 1.088467261904762, "CC_Stomatal_Opening_Model": 1.026065340909091, "CC_T-Cell_Signaling_2006": 1.050168918918919, "CC_T-LGL_Survival_Network_2008": 1.1333912037037037, "CC_T-LGL_Survival_Network_2011": 1.151736111111111, "CC_T-LGL_Survival_Network_2011_Reduced_Network": 1.2097222222222221, "CC_Toll_Pathway_of_Drosophila_Signaling_Pathway": 1.0333333333333332, "CC_Trichostrongylus_retortaeformis": 1.2005, "CC_Tumour_Cell_Invasion_and_Migration": 0.7668229166666666, "CC_T_cell_differentiation": 1.0881578947368422, "CC_VEGF_Pathway_of_Drosophila_Signaling_Pathway": 1.0675000000000001, "CC_Wg_Pathway_of_Drosophila_Signalling_Pathways": 0.9503906250000002}