{"CC_Apoptosis_Network": 1.545714882943144, "CC_Arabidopsis_thaliana_CC": 4.0285714285714285, "CC_Aurora_Kinase_A": 2.0817138031861258, "CC_Body_Segmentation": 1.5518907158004904, "CC_Bordetella_bronchiseptica": 1.7788957759412305, "CC_Bortezomib_Responses_in_U266": 1.9240938654613262, "CC_BT474_Breast_Cell": 2.3412112397406513, "CC_Budding _Yeast_CC_2009": 2.5492833092833096, "CC_Budding_Yeast_Cell_Cycle": 2.4320102886584745, "CC_B_bronchiseptica": 2.130467264474496, "CC_B_cell_differentiation": 1.8948421651669385, "CC_Cardiac_development": 1.8859443777511005, "CC_CD4p_TCell_Diff_Plas": 5.343758325825094, "CC_CD4_Tcell_signaling": 1.4461731818230823, "CC_CellCycle_Transc_Coup_CDK_Oscillators": 0.9611111111111108, "CC_Cholesterol_Regulatory_Pathway": 1.207136818577183, "CC_Colitis_associated_colon_cancer": 1.971528551963335, "CC_Cortical_Area_Development": 1.4433333333333334, "CC_Death_Receptor_Signaling": 1.5815887707677847, "CC_EGFR_ErbB_Signaling": 1.7960593212816127, "CC_Fanconi_anemia_and_checkpoint_recovery": 3.671666666666667, "CC_FA_BRCA_pathway": 3.0475595238095243, "CC_FGF_pathway_of_Drosophila_Signalling_Pathways": 1.3245639623671477, "CC_Guard_Cell_Abscisic_Acid_Signaling": 1.4913314612135178, "CC_HGF_Signaling_in_Keratinocytes": 1.3489885426018844, "CC_HH_Pathway_of_Drosophila_Signaling_Pathways": 2.061925133689839, "CC_HIV1_interactions_with_TCell_Signalling_Pathway": 0.8819182203857049, "CC_Human_Gonadal_Sex_Determination": 2.787218045112782, "CC_IL_1_Signaling": 1.6637349686945684, "CC_IL_6_Signalling": 1.717130915755824, "CC_Influenza_A_Virus_Replication_Cycle": 1.314144987085289, "CC_Iron_acquisition_and_oxidative_stress_response_in_aspergillus_fumigatus": 1.4589880952380951, "CC_Lac_Operon": 1.5322539682539684, "CC_Lymphoid_and_myeloid_cell specification": 1.8443497004787326, "CC_Mammalian_Cell_Cycle": 1.3035964912280702, "CC_Mammalian_Cell_Cycle_2006": 2.526666666666667, "CC_MAPK_Cancer_Cell_Fate_Network": 1.7486282454098694, "CC_Metabolic_Interactions_Gut_Microbiome": 2.1084595959595958, "CC_Neurotransmitter_Signaling_Pathway": 1.2284363799283153, "CC_Oxidative_Stress_Pathway": 1.5608670033670036, "CC_Predicting_Variabilities_in_Cardiac_Gene": 1.7768200582486298, "CC_Pro-inflammatory_Tumor_Microenvironment_in_Acute_Lymphoblastic_Leukemia": 2.3359615384615386, "CC_Processing_of_Spz_Network_from_Drosophila_Signaling_Pathway": 0.9898990382077094, "CC_Senescence_Associated_Secretory_Phenotype": 1.4825793379552774, "CC_Septation_Initiation_Network": 1.6170506936326485, "CC_SKBR3_Breast_Cellline_Long-term_ErbB_Network_v1": 2.754953194953195, "CC_Stomatal_Opening_Model": 2.5948065599170254, "CC_T-Cell_Signaling_2006": 1.1329906585205156, "CC_T-LGL_Survival_Network_2008": 2.1363321948277294, "CC_T-LGL_Survival_Network_2011": 1.3262826693231955, "CC_T-LGL_Survival_Network_2011_Reduced_Network": 0.9742592592592595, "CC_Trichostrongylus_retortaeformis": 1.623343434343434, "CC_Tumour_Cell_Invasion_and_Migration": 4.309778184778184, "CC_T_cell_differentiation": 1.4531532659774018, "CC_VEGF_Pathway_of_Drosophila_Signaling_Pathway": 1.4142883558220891, "CC_Wg_Pathway_of_Drosophila_Signalling_Pathways": 1.6631262874997637}