{"CC_Apoptosis_Network": 1.1012820512820511, "CC_Arabidopsis_thaliana_CC": 1.0133928571428572, "CC_Aurora_Kinase_A": 1.1056743421052633, "CC_Body_Segmentation": 1.2160714285714285, "CC_Bordetella_bronchiseptica": 1.1375, "CC_Bortezomib_Responses_in_U266": 1.133266129032258, "CC_BT474_Breast_Cell": 1.1360119047619046, "CC_BT474_Breast_Cell_v2": 1.1863636363636363, "CC_Budding _Yeast_CC_2009": 1.1229166666666668, "CC_Budding_Yeast_Cell_Cycle": 1.097265625, "CC_B_bronchiseptica": 1.1204927884615385, "CC_B_cell_differentiation": 1.060845588235294, "CC_Cardiac_development": 1.0245535714285714, "CC_CD4p_TCell_Diff_Plas": 0.6319661458333334, "CC_CD4_Tcell_signaling": 1.0787337662337664, "CC_CellCycle_Transc_Coup_CDK_Oscillators": 1.1444444444444444, "CC_Cholesterol_Regulatory_Pathway": 1.0242647058823529, "CC_Colitis_associated_colon_cancer": 1.1338768115942028, "CC_Cortical_Area_Development": 1.34, "CC_Death_Receptor_Signaling": 1.1260000000000001, "CC_EGFR_ErbB_Signaling": 0.9902835243626645, "CC_Fanconi_anemia_and_checkpoint_recovery": 1.018125, "CC_FA_BRCA_pathway": 1.0036411830357144, "CC_FGF_pathway_of_Drosophila_Signalling_Pathways": 1.0982142857142858, "CC_Guard_Cell_Abscisic_Acid_Signaling": 1.111875, "CC_HCC1954_Breast_Cell_Line_Short-term_ErbB_Network": 1.1392045454545454, "CC_HGF_Signaling_in_Keratinocytes": 1.093951612903226, "CC_HH_Pathway_of_Drosophila_Signaling_Pathways": 0.9151988636363635, "CC_HIV1_interactions_with_TCell_Signalling_Pathway": 1.0950121479649697, "CC_Human_Gonadal_Sex_Determination": 1.0410361842105265, "CC_IL_1_Signaling": 1.1314302884615386, "CC_IL_6_Signalling": 1.0995598591549296, "CC_Influenza_A_Virus_Replication_Cycle": 1.0934431966145832, "CC_Iron_acquisition_and_oxidative_stress_response_in_aspergillus_fumigatus": 0.9978125, "CC_Lac_Operon": 1.1674999999999998, "CC_Lymphoid_and_myeloid_cell specification": 1.053641633064516, "CC_Mammalian_Cell_Cycle": 1.2108552631578948, "CC_Mammalian_Cell_Cycle_2006": 1.07375, "CC_MAPK_Cancer_Cell_Fate_Network": 1.1408163265306122, "CC_Metabolic_Interactions_Gut_Microbiome": 1.1926136363636362, "CC_Neurotransmitter_Signaling_Pathway": 1.075, "CC_Ovarian_Cycle_Follicular_Phase": 1.0125, "CC_Oxidative_Stress_Pathway": 1.1319444444444446, "CC_PC12_Cell_Differentiation": 1.1081967213114754, "CC_Predicting_Variabilities_in_Cardiac_Gene": 1.02734375, "CC_Pro-inflammatory_Tumor_Microenvironment_in_Acute_Lymphoblastic_Leukemia": 1.054462139423077, "CC_Processing_of_Spz_Network_from_Drosophila_Signaling_Pathway": 1.0527777777777776, "CC_Regulation_of_L-arabinose_operon_of_Escherichia_coli": 1.1583333333333334, "CC_Senescence_Associated_Secretory_Phenotype": 1.145408163265306, "CC_Septation_Initiation_Network": 1.181521739130435, "CC_SKBR3_Breast_Cellline_Long-term_ErbB_Network_v1": 1.0923363095238097, "CC_Stomatal_Opening_Model": 0.9863636363636366, "CC_T-Cell_Signaling_2006": 1.033277027027027, "CC_T-LGL_Survival_Network_2008": 1.1430555555555555, "CC_T-LGL_Survival_Network_2011": 1.1686053240740741, "CC_T-LGL_Survival_Network_2011_Reduced_Network": 1.2125, "CC_Toll_Pathway_of_Drosophila_Signaling_Pathway": 1.0222222222222221, "CC_Trichostrongylus_retortaeformis": 1.14725, "CC_Tumour_Cell_Invasion_and_Migration": 0.7723437499999999, "CC_T_cell_differentiation": 1.0792763157894738, "CC_VEGF_Pathway_of_Drosophila_Signaling_Pathway": 1.0675000000000001, "CC_Wg_Pathway_of_Drosophila_Signalling_Pathways": 0.9916666666666666}