{"CC_Apoptosis_Network": [0.6372863247863249, 1.0], "CC_Arabidopsis_thaliana_CC": [0.34339524872448984, 0], "CC_Aurora_Kinase_A": [0.6441885964912281, 0.421875], "CC_Body_Segmentation": [0.5952380952380951, 0.42857142857142855], "CC_Bordetella_bronchiseptica": [0.5881313131313133, 0], "CC_Bortezomib_Responses_in_U266": [0.6179435483870966, 0.75], "CC_BT474_Breast_Cell": [0.3734126984126983, 0.5], "CC_BT474_Breast_Cell_v2": [0.14488636363636365, 0.5104166666666666], "CC_Budding _Yeast_CC_2009": [0.46585648148148145, 0], "CC_Budding_Yeast_Cell_Cycle": [0.4490885416666666, 0.6], "CC_B_bronchiseptica": [0.5362454927884612, 0.325], "CC_B_cell_differentiation": [0.41793592436974786, 1.0], "CC_Cardiac_development": [0.5014774659863946, 1.0], "CC_CD4p_TCell_Diff_Plas": [0.09076166708002648, 0.2522786458333333], "CC_CD4_Tcell_signaling": [0.5801712920016492, 0.6515151515151515], "CC_CellCycle_Transc_Coup_CDK_Oscillators": [0.5972222222222222, 0], "CC_Cholesterol_Regulatory_Pathway": [0.875, 0], "CC_Colitis_associated_colon_cancer": [0.572342995169082, 0.5], "CC_Cortical_Area_Development": [0.325, 0], "CC_Death_Receptor_Signaling": [0.6325, 0.8333333333333334], "CC_EGFR_ErbB_Signaling": [0.5350406044407896, 0.5915165653935185], "CC_Fanconi_anemia_and_checkpoint_recovery": [0.2628025793650794, 0], "CC_FA_BRCA_pathway": [0.2843683567176872, 0], "CC_FGF_pathway_of_Drosophila_Signalling_Pathways": [0.6160714285714286, 0.5625], "CC_Guard_Cell_Abscisic_Acid_Signaling": [0.5523958333333333, 0.7291666666666666], "CC_HCC1954_Breast_Cell_Line_Short-term_ErbB_Network": [0.16761363636363633, 0.56875], "CC_HGF_Signaling_in_Keratinocytes": [0.7284946236559139, 0.44642857142857145], "CC_HH_Pathway_of_Drosophila_Signaling_Pathways": [0.40980113636363635, 0.5807291666666666], "CC_HIV1_interactions_with_TCell_Signalling_Pathway": [0.5338620234194993, 0.48475084806743424], "CC_Human_Gonadal_Sex_Determination": [0.36030016447368424, 0], "CC_IL_1_Signaling": [0.5313501602564106, 0.5244565217391305], "CC_IL_6_Signalling": [0.5779049295774648, 0.40625], "CC_Influenza_A_Virus_Replication_Cycle": [0.5989990234375016, 0.5227272727272727], "CC_Iron_acquisition_and_oxidative_stress_response_in_aspergillus_fumigatus": [0.7198958333333334, 0.296875], "CC_Lac_Operon": [0.4541666666666667, 0.875], "CC_Lymphoid_and_myeloid_cell specification": [0.5460489471326165, 0.5], "CC_Mammalian_Cell_Cycle": [0.31907894736842113, 1.0], "CC_Mammalian_Cell_Cycle_2006": [0.43187500000000006, 0], "CC_MAPK_Cancer_Cell_Fate_Network": [0.595578231292517, 0.59375], "CC_Metabolic_Interactions_Gut_Microbiome": [0.4602272727272727, 0.4375], "CC_Neurotransmitter_Signaling_Pathway": [0.828125, 0], "CC_Ovarian_Cycle_Follicular_Phase": [0.65625, 0.75], "CC_Oxidative_Stress_Pathway": [0.7060185185185185, 0.5], "CC_PC12_Cell_Differentiation": [0.6659836065573773, 1.0], "CC_Predicting_Variabilities_in_Cardiac_Gene": [0.5014774659863943, 1.0], "CC_Pro-inflammatory_Tumor_Microenvironment_in_Acute_Lymphoblastic_Leukemia": [0.48982228708791214, 0], "CC_Processing_of_Spz_Network_from_Drosophila_Signaling_Pathway": [0.5104166666666666, 0.875], "CC_Regulation_of_L-arabinose_operon_of_Escherichia_coli": [0.5, 0.75], "CC_Senescence_Associated_Secretory_Phenotype": [0.5898809523809521, 0.8], "CC_Septation_Initiation_Network": [0.49728260869565216, 0.775], "CC_SKBR3_Breast_Cellline_Long-term_ErbB_Network_v1": [0.28834325396825383, 0.50390625], "CC_Stomatal_Opening_Model": [0.3373141290133477, 0.5748697916666666], "CC_T-Cell_Signaling_2006": [0.8483108108108108, 0.5833333333333334], "CC_T-LGL_Survival_Network_2008": [0.3106867283950616, 0.22585227272727273], "CC_T-LGL_Survival_Network_2011": [0.30547839506172864, 0.2234375], "CC_T-LGL_Survival_Network_2011_Reduced_Network": [0.44675925925925924, 0], "CC_Toll_Pathway_of_Drosophila_Signaling_Pathway": [0.7777777777777778, 0.75], "CC_Trichostrongylus_retortaeformis": [0.578, 0.4], "CC_Tumour_Cell_Invasion_and_Migration": [0.2375235615079361, 0.0765625], "CC_T_cell_differentiation": [0.556359649122807, 0.875], "CC_VEGF_Pathway_of_Drosophila_Signaling_Pathway": [0.6625, 0.53125], "CC_Wg_Pathway_of_Drosophila_Signalling_Pathways": [0.3997395833333333, 0.84375]}