{"CC_Apoptosis_Network": 1.0064102564102564, "CC_Arabidopsis_thaliana_CC": 1.3013392857142858, "CC_Aurora_Kinase_A": 1.060032894736842, "CC_Body_Segmentation": 1.0178571428571428, "CC_Bordetella_bronchiseptica": 1.0113636363636365, "CC_Bortezomib_Responses_in_U266": 0.9727822580645161, "CC_BT474_Breast_Cell": 0.9375, "CC_BT474_Breast_Cell_v2": 0.6534090909090909, "CC_Budding _Yeast_CC_2009": 1.1076388888888888, "CC_Budding_Yeast_Cell_Cycle": 1.015625, "CC_B_bronchiseptica": 1.0027043269230769, "CC_B_cell_differentiation": 0.9990808823529411, "CC_Cardiac_development": 0.9899553571428571, "CC_CD4p_Tcell_Diff": 0.9752155172413793, "CC_CD4p_TCell_Diff_Plas": 0.5901692708333334, "CC_CD4_Tcell_signaling": 0.9685978084415584, "CC_CellCycle_Transc_Coup_CDK_Oscillators": 0.9444444444444444, "CC_Cholesterol_Regulatory_Pathway": 0.9926470588235294, "CC_Colitis_associated_colon_cancer": 0.9918478260869565, "CC_Cortical_Area_Development": 0.8, "CC_Death_Receptor_Signaling": 1.03, "CC_Differentiation_T_lymphocytes": 0.9734184451219512, "CC_EGFR_ErbB_Signaling": 0.9371048776726973, "CC_Fanconi_anemia_and_checkpoint_recovery": 0.9614583333333333, "CC_FA_BRCA_pathway": 1.0193917410714286, "CC_FGF_pathway_of_Drosophila_Signalling_Pathways": 0.9642857142857143, "CC_Glucose_Repression_Signaling_2009": 0.975, "CC_Guard_Cell_Abscisic_Acid_Signaling": 1.0, "CC_HCC1954_Breast_Cell_Line_Long-term_ErbB_Network": 0.9613095238095238, "CC_HCC1954_Breast_Cell_Line_Short-term_ErbB_Network": 0.6875, "CC_HGF_Signaling_in_Keratinocytes": 0.9879032258064516, "CC_HH_Pathway_of_Drosophila_Signaling_Pathways": 0.8409090909090909, "CC_HIV1_interactions_with_TCell_Signalling_Pathway": 0.9590301513671875, "CC_Human_Gonadal_Sex_Determination": 1.0526315789473684, "CC_IGVH_mutations": 0.9656593406593407, "CC_IL_1_Signaling": 0.9266826923076923, "CC_IL_6_Signalling": 0.8970070422535211, "CC_Influenza_A_Virus_Replication_Cycle": 0.8941324869791667, "CC_Iron_acquisition_and_oxidative_stress_response_in_aspergillus_fumigatus": 1.05, "CC_Lac_Operon": 1.0, "CC_Lymphoid_and_myeloid_cell specification": 1.0075604838709677, "CC_Lymphopoiesis_Regulatory_Network": 0.9440881529850746, "CC_Mammalian_Cell_Cycle": 0.8388157894736842, "CC_Mammalian_Cell_Cycle_2006": 1.01875, "CC_MAPK_Cancer_Cell_Fate_Network": 1.0051020408163265, "CC_Metabolic_Interactions_Gut_Microbiome": 1.0056818181818181, "CC_Neurotransmitter_Signaling_Pathway": 0.984375, "CC_Ovarian_Cycle_Follicular_Phase": 0.96875, "CC_Oxidative_Stress_Pathway": 0.9861111111111112, "CC_PC12_Cell_Differentiation": 0.9344262295081968, "CC_Predicting_Variabilities_in_Cardiac_Gene": 0.9899553571428571, "CC_Pro-inflammatory_Tumor_Microenvironment_in_Acute_Lymphoblastic_Leukemia": 0.9673978365384616, "CC_Processing_of_Spz_Network_from_Drosophila_Signaling_Pathway": 0.9340277777777778, "CC_Regulation_of_L-arabinose_operon_of_Escherichia_coli": 1.0555555555555556, "CC_Senescence_Associated_Secretory_Phenotype": 0.9846938775510204, "CC_Septation_Initiation_Network": 1.065217391304348, "CC_Signaling_in_Macrophage_Activation": 0.9679092508278145, "CC_Signal_Transduction_in_Fibroblasts": 1.1256009615384615, "CC_SKBR3_Breast_Cellline_Long-term_ErbB_Network_v1": 0.9337797619047619, "CC_Stomatal_Opening_Model": 1.1203835227272727, "CC_T-Cell_Signaling_2006": 0.9847972972972973, "CC_T-LGL_Survival_Network_2008": 0.9328703703703703, "CC_T-LGL_Survival_Network_2011": 0.9259259259259259, "CC_T-LGL_Survival_Network_2011_Reduced_Network": 1.0138888888888888, "CC_Toll_Pathway_of_Drosophila_Signaling_Pathway": 1.0, "CC_Treatment_of_Castration_Resistant_Prostate_Cancer": 0.9977678571428571, "CC_Trichostrongylus_retortaeformis": 1.01, "CC_Tumour_Cell_Invasion_and_Migration": 0.7109375, "CC_T_cell_differentiation": 1.0361842105263157, "CC_VEGF_Pathway_of_Drosophila_Signaling_Pathway": 0.925, "CC_Wg_Pathway_of_Drosophila_Signalling_Pathways": 0.95703125, "CC_Yeast_Apoptosis": 0.9296549479166667}