{"CC_Apoptosis_Network": 1.0256410256410255, "CC_Arabidopsis_thaliana_CC": 1.046763392857143, "CC_Aurora_Kinase_A": 1.0352796052631579, "CC_Body_Segmentation": 1.0107142857142857, "CC_Bordetella_bronchiseptica": 1.041098484848485, "CC_Bortezomib_Responses_in_U266": 1.0275201612903224, "CC_BT474_Breast_Cell": 1.0339285714285715, "CC_BT474_Breast_Cell_v2": 1.105681818181818, "CC_Budding _Yeast_CC_2009": 1.0489583333333332, "CC_Budding_Yeast_Cell_Cycle": 1.02734375, "CC_B_bronchiseptica": 1.0432692307692306, "CC_B_cell_differentiation": 1.0543198529411764, "CC_Cardiac_development": 0.9893973214285715, "CC_CD4p_TCell_Diff_Plas": 1.0542968750000001, "CC_CD4_Tcell_signaling": 1.0110998376623377, "CC_CellCycle_Transc_Coup_CDK_Oscillators": 1.047222222222222, "CC_Cholesterol_Regulatory_Pathway": 0.9970588235294116, "CC_Colitis_associated_colon_cancer": 1.049728260869565, "CC_Cortical_Area_Development": 1.08, "CC_Death_Receptor_Signaling": 1.0270000000000001, "CC_EGFR_ErbB_Signaling": 1.0127222964638158, "CC_Fanconi_anemia_and_checkpoint_recovery": 1.0701041666666666, "CC_FA_BRCA_pathway": 1.08681640625, "CC_FGF_pathway_of_Drosophila_Signalling_Pathways": 1.0107142857142857, "CC_Guard_Cell_Abscisic_Acid_Signaling": 1.0368750000000002, "CC_HCC1954_Breast_Cell_Line_Short-term_ErbB_Network": 1.0607954545454543, "CC_HGF_Signaling_in_Keratinocytes": 1.0258064516129033, "CC_HH_Pathway_of_Drosophila_Signaling_Pathways": 0.9673295454545455, "CC_HIV1_interactions_with_TCell_Signalling_Pathway": 1.0377512778005293, "CC_Human_Gonadal_Sex_Determination": 1.0924342105263158, "CC_IL_1_Signaling": 1.0322115384615382, "CC_IL_6_Signalling": 1.0195422535211267, "CC_Influenza_A_Virus_Replication_Cycle": 1.0316267903645833, "CC_Iron_acquisition_and_oxidative_stress_response_in_aspergillus_fumigatus": 1.0096875, "CC_Lac_Operon": 1.0699999999999998, "CC_Lymphoid_and_myeloid_cell specification": 1.015108366935484, "CC_Mammalian_Cell_Cycle": 1.0483552631578947, "CC_Mammalian_Cell_Cycle_2006": 1.01875, "CC_MAPK_Cancer_Cell_Fate_Network": 1.032015306122449, "CC_Metabolic_Interactions_Gut_Microbiome": 1.034659090909091, "CC_Neurotransmitter_Signaling_Pathway": 1.015625, "CC_Ovarian_Cycle_Follicular_Phase": 1.04375, "CC_Oxidative_Stress_Pathway": 1.0166666666666666, "CC_PC12_Cell_Differentiation": 1.0221311475409836, "CC_Predicting_Variabilities_in_Cardiac_Gene": 1.009375, "CC_Pro-inflammatory_Tumor_Microenvironment_in_Acute_Lymphoblastic_Leukemia": 1.0210186298076924, "CC_Processing_of_Spz_Network_from_Drosophila_Signaling_Pathway": 1.0069444444444442, "CC_Regulation_of_L-arabinose_operon_of_Escherichia_coli": 1.036111111111111, "CC_Senescence_Associated_Secretory_Phenotype": 1.0285714285714285, "CC_Septation_Initiation_Network": 1.0260869565217394, "CC_SKBR3_Breast_Cellline_Long-term_ErbB_Network_v1": 1.0933779761904763, "CC_Stomatal_Opening_Model": 0.966690340909091, "CC_T-Cell_Signaling_2006": 1.004222972972973, "CC_T-LGL_Survival_Network_2008": 1.0642650462962964, "CC_T-LGL_Survival_Network_2011": 1.0870949074074074, "CC_T-LGL_Survival_Network_2011_Reduced_Network": 1.0486111111111112, "CC_Toll_Pathway_of_Drosophila_Signaling_Pathway": 1.0, "CC_Trichostrongylus_retortaeformis": 1.05525, "CC_Tumour_Cell_Invasion_and_Migration": 0.9894791666666668, "CC_T_cell_differentiation": 1.0194078947368421, "CC_VEGF_Pathway_of_Drosophila_Signaling_Pathway": 1.0275, "CC_Wg_Pathway_of_Drosophila_Signalling_Pathways": 1.001171875}