{"CC_Apoptosis_Network": 1.1455128205128207, "CC_Arabidopsis_thaliana_CC": 1.188169642857143, "CC_Aurora_Kinase_A": 1.1972039473684213, "CC_Body_Segmentation": 1.1946428571428573, "CC_Bordetella_bronchiseptica": 1.1623106060606063, "CC_Bortezomib_Responses_in_U266": 1.140423387096774, "CC_BT474_Breast_Cell": 1.2351190476190472, "CC_BT474_Breast_Cell_v2": 1.225, "CC_Budding _Yeast_CC_2009": 1.1350694444444445, "CC_Budding_Yeast_Cell_Cycle": 1.180859375, "CC_B_bronchiseptica": 1.217938701923077, "CC_B_cell_differentiation": 1.055330882352941, "CC_Cardiac_development": 1.1244419642857142, "CC_CD4p_TCell_Diff_Plas": 1.0229817708333333, "CC_CD4_Tcell_signaling": 1.1466188108766233, "CC_CellCycle_Transc_Coup_CDK_Oscillators": 1.1527777777777775, "CC_Cholesterol_Regulatory_Pathway": 1.075735294117647, "CC_Colitis_associated_colon_cancer": 1.2201992753623185, "CC_Cortical_Area_Development": 1.24, "CC_Death_Receptor_Signaling": 1.1649999999999998, "CC_EGFR_ErbB_Signaling": 1.166334292763158, "CC_Fanconi_anemia_and_checkpoint_recovery": 1.214375, "CC_FA_BRCA_pathway": 1.1849330357142858, "CC_FGF_pathway_of_Drosophila_Signalling_Pathways": 1.1589285714285713, "CC_Guard_Cell_Abscisic_Acid_Signaling": 1.1028125000000002, "CC_HCC1954_Breast_Cell_Line_Short-term_ErbB_Network": 1.1954545454545455, "CC_HGF_Signaling_in_Keratinocytes": 1.1350806451612905, "CC_HH_Pathway_of_Drosophila_Signaling_Pathways": 1.0930397727272727, "CC_HIV1_interactions_with_TCell_Signalling_Pathway": 1.1593534408077117, "CC_Human_Gonadal_Sex_Determination": 1.165296052631579, "CC_IL_1_Signaling": 1.1986778846153845, "CC_IL_6_Signalling": 1.1702464788732396, "CC_Influenza_A_Virus_Replication_Cycle": 1.1175496419270832, "CC_Iron_acquisition_and_oxidative_stress_response_in_aspergillus_fumigatus": 1.1243750000000001, "CC_Lac_Operon": 1.21, "CC_Lymphoid_and_myeloid_cell specification": 1.1730090725806452, "CC_Mammalian_Cell_Cycle": 1.2414473684210527, "CC_Mammalian_Cell_Cycle_2006": 1.1018749999999997, "CC_MAPK_Cancer_Cell_Fate_Network": 1.1906887755102042, "CC_Metabolic_Interactions_Gut_Microbiome": 1.1085227272727274, "CC_Neurotransmitter_Signaling_Pathway": 1.09375, "CC_Ovarian_Cycle_Follicular_Phase": 1.075, "CC_Oxidative_Stress_Pathway": 1.1416666666666666, "CC_PC12_Cell_Differentiation": 1.1704918032786886, "CC_Predicting_Variabilities_in_Cardiac_Gene": 1.1697544642857143, "CC_Pro-inflammatory_Tumor_Microenvironment_in_Acute_Lymphoblastic_Leukemia": 1.1565054086538462, "CC_Processing_of_Spz_Network_from_Drosophila_Signaling_Pathway": 1.054513888888889, "CC_Regulation_of_L-arabinose_operon_of_Escherichia_coli": 1.213888888888889, "CC_Senescence_Associated_Secretory_Phenotype": 1.1751275510204082, "CC_Septation_Initiation_Network": 1.1663043478260868, "CC_SKBR3_Breast_Cellline_Long-term_ErbB_Network_v1": 1.165029761904762, "CC_Stomatal_Opening_Model": 1.1813210227272728, "CC_T-Cell_Signaling_2006": 1.0766891891891892, "CC_T-LGL_Survival_Network_2008": 1.235127314814815, "CC_T-LGL_Survival_Network_2011": 1.2629918981481483, "CC_T-LGL_Survival_Network_2011_Reduced_Network": 1.375, "CC_Toll_Pathway_of_Drosophila_Signaling_Pathway": 1.0666666666666667, "CC_Trichostrongylus_retortaeformis": 1.201, "CC_Tumour_Cell_Invasion_and_Migration": 1.1370312500000002, "CC_T_cell_differentiation": 1.1565789473684212, "CC_VEGF_Pathway_of_Drosophila_Signaling_Pathway": 1.1650000000000003, "CC_Wg_Pathway_of_Drosophila_Signalling_Pathways": 1.1868489583333333}