{"CC_Apoptosis_Network": 1.0060975609756098, "CC_Arabidopsis_thaliana_CC": 1.3013392857142858, "CC_Aurora_Kinase_A": 1.049592391304348, "CC_Body_Segmentation": 1.0147058823529411, "CC_Bordetella_bronchiseptica": 1.0113636363636365, "CC_Bortezomib_Responses_in_U266": 0.9748134328358209, "CC_BT474_Breast_Cell": 0.9475, "CC_BT474_Breast_Cell_v2": 0.76171875, "CC_Budding _Yeast_CC_2009": 1.1076388888888888, "CC_Budding_Yeast_Cell_Cycle": 1.0125, "CC_B_bronchiseptica": 1.0026533018867925, "CC_B_cell_differentiation": 0.9992897727272727, "CC_Cardiac_development": 0.990625, "CC_CD4p_TCell_Diff_Plas": 0.7267795138888888, "CC_CD4_Tcell_signaling": 0.9742769281914894, "CC_CellCycle_Transc_Coup_CDK_Oscillators": 0.9444444444444444, "CC_Cholesterol_Regulatory_Pathway": 0.9926470588235294, "CC_Colitis_associated_colon_cancer": 0.9919642857142857, "CC_Cortical_Area_Development": 0.8, "CC_Death_Receptor_Signaling": 1.0267857142857142, "CC_EGFR_ErbB_Signaling": 0.9540381798377404, "CC_Fanconi_anemia_and_checkpoint_recovery": 0.9614583333333333, "CC_FA_BRCA_pathway": 1.0193917410714286, "CC_FGF_pathway_of_Drosophila_Signalling_Pathways": 0.9782608695652174, "CC_Guard_Cell_Abscisic_Acid_Signaling": 1.0, "CC_HCC1954_Breast_Cell_Line_Short-term_ErbB_Network": 0.78515625, "CC_HGF_Signaling_in_Keratinocytes": 0.9889705882352942, "CC_HH_Pathway_of_Drosophila_Signaling_Pathways": 0.9270833333333334, "CC_HIV1_interactions_with_TCell_Signalling_Pathway": 0.9631865128226902, "CC_Human_Gonadal_Sex_Determination": 1.0526315789473684, "CC_IL_1_Signaling": 0.9353813559322034, "CC_IL_6_Signalling": 0.9149709302325582, "CC_Influenza_A_Virus_Replication_Cycle": 0.9030221254770993, "CC_Iron_acquisition_and_oxidative_stress_response_in_aspergillus_fumigatus": 1.0454545454545454, "CC_Lac_Operon": 1.0, "CC_Lymphoid_and_myeloid_cell specification": 1.0071022727272727, "CC_Mammalian_Cell_Cycle": 0.846875, "CC_Mammalian_Cell_Cycle_2006": 1.01875, "CC_MAPK_Cancer_Cell_Fate_Network": 1.0047169811320755, "CC_Metabolic_Interactions_Gut_Microbiome": 1.0052083333333333, "CC_Neurotransmitter_Signaling_Pathway": 0.984375, "CC_Ovarian_Cycle_Follicular_Phase": 0.975, "CC_Oxidative_Stress_Pathway": 0.9868421052631579, "CC_PC12_Cell_Differentiation": 0.9354838709677419, "CC_Predicting_Variabilities_in_Cardiac_Gene": 0.990625, "CC_Pro-inflammatory_Tumor_Microenvironment_in_Acute_Lymphoblastic_Leukemia": 0.9673978365384616, "CC_Processing_of_Spz_Network_from_Drosophila_Signaling_Pathway": 0.9505208333333334, "CC_Regulation_of_L-arabinose_operon_of_Escherichia_coli": 1.0384615384615385, "CC_Senescence_Associated_Secretory_Phenotype": 0.9852941176470589, "CC_Septation_Initiation_Network": 1.0483870967741935, "CC_SKBR3_Breast_Cellline_Long-term_ErbB_Network_v1": 0.944375, "CC_Stomatal_Opening_Model": 1.1080994897959184, "CC_T-Cell_Signaling_2006": 0.9859375, "CC_T-LGL_Survival_Network_2008": 0.9405737704918032, "CC_T-LGL_Survival_Network_2011": 0.9333333333333333, "CC_T-LGL_Survival_Network_2011_Reduced_Network": 1.0138888888888888, "CC_Toll_Pathway_of_Drosophila_Signaling_Pathway": 1.0, "CC_Trichostrongylus_retortaeformis": 1.0096153846153846, "CC_Tumour_Cell_Invasion_and_Migration": 0.72900390625, "CC_T_cell_differentiation": 1.0298913043478262, "CC_VEGF_Pathway_of_Drosophila_Signaling_Pathway": 0.9583333333333334, "CC_Wg_Pathway_of_Drosophila_Signalling_Pathways": 0.9801682692307693}