{"CC_Apoptosis_Network": 1.0426923076923076, "CC_Arabidopsis_thaliana_CC": 0.9830133928571428, "CC_Aurora_Kinase_A": 1.0095888157894737, "CC_Body_Segmentation": 1.0464285714285715, "CC_Bordetella_bronchiseptica": 1.0459848484848484, "CC_Bortezomib_Responses_in_U266": 1.0491935483870969, "CC_BT474_Breast_Cell": 1.0739880952380951, "CC_BT474_Breast_Cell_v2": 1.1509090909090909, "CC_Budding _Yeast_CC_2009": 1.0590277777777777, "CC_Budding_Yeast_Cell_Cycle": 1.03640625, "CC_B_bronchiseptica": 1.0243509615384616, "CC_B_cell_differentiation": 1.0243198529411766, "CC_Cardiac_development": 1.009642857142857, "CC_CD4p_TCell_Diff_Plas": 0.7983138020833334, "CC_CD4_Tcell_signaling": 1.0058243709415584, "CC_CellCycle_Transc_Coup_CDK_Oscillators": 1.0527777777777778, "CC_Cholesterol_Regulatory_Pathway": 1.0010294117647058, "CC_Colitis_associated_colon_cancer": 1.060108695652174, "CC_Cortical_Area_Development": 1.057, "CC_Death_Receptor_Signaling": 1.0322, "CC_EGFR_ErbB_Signaling": 1.1339255242598685, "CC_Fanconi_anemia_and_checkpoint_recovery": 1.0375833333333333, "CC_FA_BRCA_pathway": 0.9993108258928571, "CC_FGF_pathway_of_Drosophila_Signalling_Pathways": 1.019642857142857, "CC_Guard_Cell_Abscisic_Acid_Signaling": 1.05828125, "CC_HCC1954_Breast_Cell_Line_Short-term_ErbB_Network": 1.1455681818181818, "CC_HGF_Signaling_in_Keratinocytes": 1.0267741935483872, "CC_HH_Pathway_of_Drosophila_Signaling_Pathways": 1.0861931818181818, "CC_HIV1_interactions_with_TCell_Signalling_Pathway": 1.0530580680601058, "CC_Human_Gonadal_Sex_Determination": 1.0130921052631578, "CC_IL_1_Signaling": 1.03, "CC_IL_6_Signalling": 1.0270950704225352, "CC_Influenza_A_Virus_Replication_Cycle": 1.0354303385416668, "CC_Iron_acquisition_and_oxidative_stress_response_in_aspergillus_fumigatus": 0.993125, "CC_Lac_Operon": 1.034, "CC_Lymphoid_and_myeloid_cell specification": 0.9765045362903226, "CC_Mammalian_Cell_Cycle": 1.0601973684210526, "CC_Mammalian_Cell_Cycle_2006": 1.07275, "CC_MAPK_Cancer_Cell_Fate_Network": 1.0486989795918367, "CC_Metabolic_Interactions_Gut_Microbiome": 1.0842045454545455, "CC_Neurotransmitter_Signaling_Pathway": 1.0078125, "CC_Ovarian_Cycle_Follicular_Phase": 1.035625, "CC_Oxidative_Stress_Pathway": 1.0233333333333334, "CC_PC12_Cell_Differentiation": 1.0274590163934427, "CC_Predicting_Variabilities_in_Cardiac_Gene": 0.9888616071428572, "CC_Pro-inflammatory_Tumor_Microenvironment_in_Acute_Lymphoblastic_Leukemia": 1.0188161057692309, "CC_Processing_of_Spz_Network_from_Drosophila_Signaling_Pathway": 1.0140972222222222, "CC_Regulation_of_L-arabinose_operon_of_Escherichia_coli": 1.005, "CC_Senescence_Associated_Secretory_Phenotype": 1.0415561224489795, "CC_Septation_Initiation_Network": 1.0434782608695652, "CC_SKBR3_Breast_Cellline_Long-term_ErbB_Network_v1": 1.0358928571428572, "CC_Stomatal_Opening_Model": 0.9443039772727273, "CC_T-Cell_Signaling_2006": 1.0036148648648648, "CC_T-LGL_Survival_Network_2008": 1.0383622685185185, "CC_T-LGL_Survival_Network_2011": 1.0354166666666667, "CC_T-LGL_Survival_Network_2011_Reduced_Network": 1.038888888888889, "CC_Toll_Pathway_of_Drosophila_Signaling_Pathway": 1.0, "CC_Trichostrongylus_retortaeformis": 1.0551, "CC_Tumour_Cell_Invasion_and_Migration": 0.7578958333333333, "CC_T_cell_differentiation": 1.0086184210526317, "CC_VEGF_Pathway_of_Drosophila_Signaling_Pathway": 1.016, "CC_Wg_Pathway_of_Drosophila_Signalling_Pathways": 1.0022916666666666}