{"CC_Apoptosis_Network": 1.1743589743589744, "CC_Arabidopsis_thaliana_CC": 2.0845982142857142, "CC_Aurora_Kinase_A": 1.3068256578947368, "CC_Body_Segmentation": 1.2053571428571428, "CC_Bordetella_bronchiseptica": 1.356628787878788, "CC_Bortezomib_Responses_in_U266": 1.2841733870967742, "CC_BT474_Breast_Cell": 1.5505952380952381, "CC_BT474_Breast_Cell_v2": 1.8318181818181818, "CC_Budding _Yeast_CC_2009": 1.6038194444444445, "CC_Budding_Yeast_Cell_Cycle": 1.344140625, "CC_B_bronchiseptica": 1.406610576923077, "CC_B_cell_differentiation": 1.3361213235294118, "CC_Cardiac_development": 1.363392857142857, "CC_CD4p_TCell_Diff_Plas": 2.62392578125, "CC_CD4_Tcell_signaling": 1.3360592532467532, "CC_CellCycle_Transc_Coup_CDK_Oscillators": 1.1333333333333333, "CC_Cholesterol_Regulatory_Pathway": 1.0036764705882353, "CC_Colitis_associated_colon_cancer": 1.2414855072463769, "CC_Cortical_Area_Development": 1.185, "CC_Death_Receptor_Signaling": 1.068, "CC_EGFR_ErbB_Signaling": 1.5762865568462172, "CC_Fanconi_anemia_and_checkpoint_recovery": 1.970625, "CC_FA_BRCA_pathway": 1.988671875, "CC_FGF_pathway_of_Drosophila_Signalling_Pathways": 1.0857142857142856, "CC_Guard_Cell_Abscisic_Acid_Signaling": 1.24703125, "CC_HCC1954_Breast_Cell_Line_Short-term_ErbB_Network": 1.8244318181818182, "CC_HGF_Signaling_in_Keratinocytes": 1.0951612903225807, "CC_HH_Pathway_of_Drosophila_Signaling_Pathways": 1.5896306818181818, "CC_HIV1_interactions_with_TCell_Signalling_Pathway": 1.4380049674741684, "CC_Human_Gonadal_Sex_Determination": 1.9076069078947369, "CC_IL_1_Signaling": 1.181670673076923, "CC_IL_6_Signalling": 1.257306338028169, "CC_Influenza_A_Virus_Replication_Cycle": 1.4701578776041666, "CC_Iron_acquisition_and_oxidative_stress_response_in_aspergillus_fumigatus": 1.1846875, "CC_Lac_Operon": 1.1525, "CC_Lymphoid_and_myeloid_cell specification": 1.4826612903225806, "CC_Mammalian_Cell_Cycle": 1.3921052631578947, "CC_Mammalian_Cell_Cycle_2006": 1.520625, "CC_MAPK_Cancer_Cell_Fate_Network": 1.2723214285714286, "CC_Metabolic_Interactions_Gut_Microbiome": 1.3625, "CC_Neurotransmitter_Signaling_Pathway": 1.0515625, "CC_Ovarian_Cycle_Follicular_Phase": 1.0, "CC_Oxidative_Stress_Pathway": 1.0875, "CC_PC12_Cell_Differentiation": 1.1245901639344262, "CC_Predicting_Variabilities_in_Cardiac_Gene": 1.4016741071428571, "CC_Pro-inflammatory_Tumor_Microenvironment_in_Acute_Lymphoblastic_Leukemia": 1.6279296875, "CC_Processing_of_Spz_Network_from_Drosophila_Signaling_Pathway": 1.1260416666666666, "CC_Regulation_of_L-arabinose_operon_of_Escherichia_coli": 1.1194444444444445, "CC_Senescence_Associated_Secretory_Phenotype": 1.1732142857142858, "CC_Septation_Initiation_Network": 1.2097826086956522, "CC_SKBR3_Breast_Cellline_Long-term_ErbB_Network_v1": 1.7688988095238094, "CC_Stomatal_Opening_Model": 1.879208096590909, "CC_T-Cell_Signaling_2006": 1.091722972972973, "CC_T-LGL_Survival_Network_2008": 1.739207175925926, "CC_T-LGL_Survival_Network_2011": 1.7563078703703703, "CC_T-LGL_Survival_Network_2011_Reduced_Network": 1.1736111111111112, "CC_Toll_Pathway_of_Drosophila_Signaling_Pathway": 1.0222222222222221, "CC_Trichostrongylus_retortaeformis": 1.281, "CC_Tumour_Cell_Invasion_and_Migration": 2.447395833333333, "CC_T_cell_differentiation": 1.0967105263157895, "CC_VEGF_Pathway_of_Drosophila_Signaling_Pathway": 1.135, "CC_Wg_Pathway_of_Drosophila_Signalling_Pathways": 1.3223958333333334}