{"CC_Apoptosis_Network": 0.9737820512820515, "CC_Arabidopsis_thaliana_CC": 0.9220312499999996, "CC_Aurora_Kinase_A": 0.9816365131578944, "CC_Body_Segmentation": 0.9750000000000001, "CC_Bordetella_bronchiseptica": 0.9650568181818182, "CC_Bortezomib_Responses_in_U266": 0.9741935483870966, "CC_BT474_Breast_Cell": 0.9620535714285715, "CC_BT474_Breast_Cell_v2": 1.0074999999999996, "CC_Budding _Yeast_CC_2009": 0.9265277777777781, "CC_Budding_Yeast_Cell_Cycle": 0.959921875, "CC_B_bronchiseptica": 0.967139423076923, "CC_B_cell_differentiation": 0.9564154411764703, "CC_Cardiac_development": 0.9765290178571432, "CC_CD4p_TCell_Diff_Plas": 0.9092610677083338, "CC_CD4_Tcell_signaling": 0.9878198559253247, "CC_CellCycle_Transc_Coup_CDK_Oscillators": 0.992222222222222, "CC_Cholesterol_Regulatory_Pathway": 1.0000000000000007, "CC_Colitis_associated_colon_cancer": 0.9714492753623193, "CC_Cortical_Area_Development": 0.9544999999999997, "CC_Death_Receptor_Signaling": 0.982, "CC_EGFR_ErbB_Signaling": 0.9711263877467103, "CC_Fanconi_anemia_and_checkpoint_recovery": 0.9143958333333334, "CC_FA_BRCA_pathway": 0.9295284598214291, "CC_FGF_pathway_of_Drosophila_Signalling_Pathways": 0.9808928571428572, "CC_Guard_Cell_Abscisic_Acid_Signaling": 0.9676093749999995, "CC_HCC1954_Breast_Cell_Line_Short-term_ErbB_Network": 0.9996590909090911, "CC_HGF_Signaling_in_Keratinocytes": 1.0025000000000006, "CC_HH_Pathway_of_Drosophila_Signaling_Pathways": 0.9836505681818183, "CC_HIV1_interactions_with_TCell_Signalling_Pathway": 0.9922302492203253, "CC_Human_Gonadal_Sex_Determination": 0.9237849506578949, "CC_IL_1_Signaling": 0.9977343750000003, "CC_IL_6_Signalling": 0.9843749999999999, "CC_Influenza_A_Virus_Replication_Cycle": 0.98882275390625, "CC_Iron_acquisition_and_oxidative_stress_response_in_aspergillus_fumigatus": 0.9906250000000003, "CC_Lac_Operon": 0.97275, "CC_Lymphoid_and_myeloid_cell specification": 0.9947744455645161, "CC_Mammalian_Cell_Cycle": 0.9712500000000001, "CC_Mammalian_Cell_Cycle_2006": 0.9194999999999995, "CC_MAPK_Cancer_Cell_Fate_Network": 0.9823214285714281, "CC_Metabolic_Interactions_Gut_Microbiome": 0.9309090909090909, "CC_Neurotransmitter_Signaling_Pathway": 1.0021874999999998, "CC_Ovarian_Cycle_Follicular_Phase": 1.0006249999999979, "CC_Oxidative_Stress_Pathway": 0.962916666666667, "CC_PC12_Cell_Differentiation": 1.0009836065573774, "CC_Predicting_Variabilities_in_Cardiac_Gene": 0.9659375000000001, "CC_Pro-inflammatory_Tumor_Microenvironment_in_Acute_Lymphoblastic_Leukemia": 0.9499939903846157, "CC_Processing_of_Spz_Network_from_Drosophila_Signaling_Pathway": 0.997013888888889, "CC_Regulation_of_L-arabinose_operon_of_Escherichia_coli": 1.0000000000000002, "CC_Senescence_Associated_Secretory_Phenotype": 0.9972959183673473, "CC_Septation_Initiation_Network": 0.9651086956521739, "CC_SKBR3_Breast_Cellline_Long-term_ErbB_Network_v1": 0.9198511904761908, "CC_Stomatal_Opening_Model": 0.9186443536931818, "CC_T-Cell_Signaling_2006": 0.9965033783783781, "CC_T-LGL_Survival_Network_2008": 0.9345428240740743, "CC_T-LGL_Survival_Network_2011": 0.95138599537037, "CC_T-LGL_Survival_Network_2011_Reduced_Network": 0.9777777777777781, "CC_Toll_Pathway_of_Drosophila_Signaling_Pathway": 1.0000000000000007, "CC_Trichostrongylus_retortaeformis": 0.9801249999999998, "CC_Tumour_Cell_Invasion_and_Migration": 0.9209635416666668, "CC_T_cell_differentiation": 0.9779934210526315, "CC_VEGF_Pathway_of_Drosophila_Signaling_Pathway": 0.9944999999999993, "CC_Wg_Pathway_of_Drosophila_Signalling_Pathways": 0.9985677083333327}