{"CC_Apoptosis_Network": [1.0, 1.0], "CC_Arabidopsis_thaliana_CC": [1.0, 0], "CC_Aurora_Kinase_A": [0.9698060941828256, 1.0], "CC_Body_Segmentation": [0.6773809523809523, 0.9466666666666667], "CC_Bordetella_bronchiseptica": [0.6305555555555555, 0], "CC_Bortezomib_Responses_in_U266": [0.7015591397849463, 0.901666666666667], "CC_BT474_Breast_Cell": [0.32975570436507945, 0.42329545454545453], "CC_BT474_Breast_Cell_v2": [0.21619318181818184, 0.700925925925926], "CC_Budding _Yeast_CC_2009": [1.0, 0], "CC_Budding_Yeast_Cell_Cycle": [0.6939732142857143, 1.0], "CC_B_bronchiseptica": [0.7687099358974357, 1.0], "CC_B_cell_differentiation": [0.726332906043773, 1.0], "CC_Cardiac_development": [0.610204081632653, 1.0], "CC_CD4p_TCell_Diff_Plas": [0.5695512820512821, 1.0], "CC_CD4_Tcell_signaling": [0.8427252138863773, 0.9441662184177425], "CC_CellCycle_Transc_Coup_CDK_Oscillators": [0.75, 0], "CC_Cholesterol_Regulatory_Pathway": [0.9656862745098039, 0], "CC_Colitis_associated_colon_cancer": [1.0, 1.0], "CC_Cortical_Area_Development": [0.5, 0], "CC_Death_Receptor_Signaling": [0.9140860215053762, 0.9865591397849462], "CC_EGFR_ErbB_Signaling": [0.7398970409895712, 0.8883620082194461], "CC_Fanconi_anemia_and_checkpoint_recovery": [1.0, 0], "CC_FA_BRCA_pathway": [1.0, 0], "CC_FGF_pathway_of_Drosophila_Signalling_Pathways": [0.7435897435897435, 0.9288461538461538], "CC_Guard_Cell_Abscisic_Acid_Signaling": [0.9911827956989248, 1.0], "CC_HCC1954_Breast_Cell_Line_Short-term_ErbB_Network": [0.2711111111111111, 0.5694444444444444], "CC_HGF_Signaling_in_Keratinocytes": [0.9277217741935481, 1.0], "CC_HH_Pathway_of_Drosophila_Signaling_Pathways": [0.6401515151515151, 0.7803030303030302], "CC_HIV1_interactions_with_TCell_Signalling_Pathway": [0.6740937019969278, 0.9755131143366442], "CC_Human_Gonadal_Sex_Determination": [0.3931286549707602, 0], "CC_IL_1_Signaling": [0.6760016025641026, 0.9856902356902357], "CC_IL_6_Signalling": [0.932902389461145, 1.0], "CC_Influenza_A_Virus_Replication_Cycle": [0.6156944444444447, 0.977314814814815], "CC_Iron_acquisition_and_oxidative_stress_response_in_aspergillus_fumigatus": [1.0, 1.0], "CC_Lac_Operon": [0.6208333333333333, 0.736111111111111], "CC_Lymphoid_and_myeloid_cell specification": [0.563239247311828, 1.0], "CC_Mammalian_Cell_Cycle": [0.5470760233918127, 1.0], "CC_Mammalian_Cell_Cycle_2006": [0.7, 0], "CC_MAPK_Cancer_Cell_Fate_Network": [0.9457482993197277, 1.0], "CC_Metabolic_Interactions_Gut_Microbiome": [0.5373205741626792, 1.0], "CC_Neurotransmitter_Signaling_Pathway": [0.921875, 0], "CC_Ovarian_Cycle_Follicular_Phase": [0.8472222222222223, 0.7777777777777777], "CC_Oxidative_Stress_Pathway": [0.8425925925925926, 1.0], "CC_PC12_Cell_Differentiation": [0.5081967213114754, 1.0], "CC_Predicting_Variabilities_in_Cardiac_Gene": [0.610204081632653, 1.0], "CC_Pro-inflammatory_Tumor_Microenvironment_in_Acute_Lymphoblastic_Leukemia": [0.8727309727309726, 0], "CC_Processing_of_Spz_Network_from_Drosophila_Signaling_Pathway": [0.8266534391534395, 0.9625850340136055], "CC_Regulation_of_L-arabinose_operon_of_Escherichia_coli": [0.7393162393162392, 0.9070512820512822], "CC_Senescence_Associated_Secretory_Phenotype": [0.8036487322201608, 1.0], "CC_Septation_Initiation_Network": [0.9255428514116646, 0.9575978103659769], "CC_SKBR3_Breast_Cellline_Long-term_ErbB_Network_v1": [0.261201814058957, 0.781746031746032], "CC_Stomatal_Opening_Model": [0.5375943500943502, 0.8732900353375467], "CC_T-Cell_Signaling_2006": [0.9091591591591591, 1.0], "CC_T-LGL_Survival_Network_2008": [0.6712962962962963, 1.0], "CC_T-LGL_Survival_Network_2011": [0.02993827160493827, 0], "CC_T-LGL_Survival_Network_2011_Reduced_Network": [0.7469135802469137, 0], "CC_Toll_Pathway_of_Drosophila_Signaling_Pathway": [0.9259259259259259, 1.0], "CC_Trichostrongylus_retortaeformis": [0.8142424242424243, 1.0], "CC_Tumour_Cell_Invasion_and_Migration": [0.6734890109890108, 1.0], "CC_T_cell_differentiation": [0.6926799758015728, 1.0], "CC_VEGF_Pathway_of_Drosophila_Signaling_Pathway": [0.7116666666666667, 0.9], "CC_Wg_Pathway_of_Drosophila_Signalling_Pathways": [0.8677777777777779, 0.9145000000000002]}