{"CC_Apoptosis_Network": 1.8717948717948716, "CC_Arabidopsis_thaliana_CC": 4.714285714285714, "CC_Aurora_Kinase_A": 2.163157894736842, "CC_Body_Segmentation": 1.1428571428571428, "CC_Bordetella_bronchiseptica": 1.2272727272727273, "CC_Bortezomib_Responses_in_U266": 1.0948766603415558, "CC_BT474_Breast_Cell": 0.851499118165784, "CC_BT474_Breast_Cell_v2": 1.145454545454545, "CC_Budding _Yeast_CC_2009": 3.2777777777777777, "CC_Budding_Yeast_Cell_Cycle": 1.6696428571428572, "CC_B_bronchiseptica": 1.931174089068826, "CC_B_cell_differentiation": 1.0811359026369165, "CC_Cardiac_development": 1.1785714285714286, "CC_CD4p_TCell_Diff_Plas": 3.788288288288287, "CC_CD4_Tcell_signaling": 1.6589121589121556, "CC_CellCycle_Transc_Coup_CDK_Oscillators": 1.4444444444444444, "CC_Cholesterol_Regulatory_Pathway": 1.203921568627451, "CC_Colitis_associated_colon_cancer": 2.2173913043478275, "CC_Cortical_Area_Development": 1.4, "CC_Death_Receptor_Signaling": 1.5799999999999992, "CC_EGFR_ErbB_Signaling": 1.6946052631578965, "CC_Fanconi_anemia_and_checkpoint_recovery": 4.4, "CC_FA_BRCA_pathway": 4.392857142857143, "CC_FGF_pathway_of_Drosophila_Signalling_Pathways": 1.0604395604395607, "CC_Guard_Cell_Abscisic_Acid_Signaling": 1.8696969696969705, "CC_HCC1954_Breast_Cell_Line_Short-term_ErbB_Network": 1.0064935064935063, "CC_HGF_Signaling_in_Keratinocytes": 1.4582542694497151, "CC_HH_Pathway_of_Drosophila_Signaling_Pathways": 1.2231404958677685, "CC_HIV1_interactions_with_TCell_Signalling_Pathway": 1.4056845003933904, "CC_Human_Gonadal_Sex_Determination": 1.2105263157894737, "CC_IL_1_Signaling": 1.1514423076923075, "CC_IL_6_Signalling": 1.8591549295774652, "CC_Influenza_A_Virus_Replication_Cycle": 0.8141666666666666, "CC_Iron_acquisition_and_oxidative_stress_response_in_aspergillus_fumigatus": 1.8999999999999997, "CC_Lac_Operon": 1.075, "CC_Lymphoid_and_myeloid_cell specification": 1.1451612903225807, "CC_Mammalian_Cell_Cycle": 1.157894736842105, "CC_Mammalian_Cell_Cycle_2006": 2.25, "CC_MAPK_Cancer_Cell_Fate_Network": 1.9255702280912355, "CC_Metabolic_Interactions_Gut_Microbiome": 0.972027972027972, "CC_Neurotransmitter_Signaling_Pathway": 1.1875, "CC_Ovarian_Cycle_Follicular_Phase": 1.125, "CC_Oxidative_Stress_Pathway": 1.3611111111111112, "CC_PC12_Cell_Differentiation": 0.5245901639344261, "CC_Predicting_Variabilities_in_Cardiac_Gene": 1.1785714285714286, "CC_Pro-inflammatory_Tumor_Microenvironment_in_Acute_Lymphoblastic_Leukemia": 2.5705128205128207, "CC_Processing_of_Spz_Network_from_Drosophila_Signaling_Pathway": 0.9537037037037033, "CC_Regulation_of_L-arabinose_operon_of_Escherichia_coli": 1.2991452991452992, "CC_Senescence_Associated_Secretory_Phenotype": 1.4030612244897958, "CC_Septation_Initiation_Network": 1.910585343370714, "CC_SKBR3_Breast_Cellline_Long-term_ErbB_Network_v1": 0.9085714285714285, "CC_Stomatal_Opening_Model": 1.7056818181818187, "CC_T-Cell_Signaling_2006": 1.1531531531531531, "CC_T-LGL_Survival_Network_2008": 0.8703703703703705, "CC_T-LGL_Survival_Network_2011": 0.05555555555555555, "CC_T-LGL_Survival_Network_2011_Reduced_Network": 1.4444444444444444, "CC_Toll_Pathway_of_Drosophila_Signaling_Pathway": 1.037037037037037, "CC_Trichostrongylus_retortaeformis": 1.6733333333333336, "CC_Tumour_Cell_Invasion_and_Migration": 3.2564102564102555, "CC_T_cell_differentiation": 0.9782214156079856, "CC_VEGF_Pathway_of_Drosophila_Signaling_Pathway": 1.04, "CC_Wg_Pathway_of_Drosophila_Signalling_Pathways": 1.7862318840579714}