{"CC_Apoptosis_Network": 0.05506439691605488, "CC_Arabidopsis_thaliana_CC": 0.2016809662366494, "CC_Aurora_Kinase_A": 0.09400793777888847, "CC_Body_Segmentation": 0.07625090609476133, "CC_Bordetella_bronchiseptica": 0.050647290232117476, "CC_Bortezomib_Responses_in_U266": 0.05089855181238903, "CC_BT474_Breast_Cell": 0.07173449149532757, "CC_BT474_Breast_Cell_v2": 0.1945510005817615, "CC_Budding _Yeast_CC_2009": 0.10020501532369497, "CC_Budding_Yeast_Cell_Cycle": 0.06914540649662372, "CC_B_bronchiseptica": 0.061528536004276504, "CC_B_cell_differentiation": 0.08793698082557533, "CC_Cardiac_development": 0.10055824904624765, "CC_CD4p_TCell_Diff_Plas": 0.298305652927867, "CC_CD4_Tcell_signaling": 0.02951795138927784, "CC_CellCycle_Transc_Coup_CDK_Oscillators": 0.06521043282095931, "CC_Cholesterol_Regulatory_Pathway": 0.012876397584866323, "CC_Colitis_associated_colon_cancer": 0.03144680322288622, "CC_Cortical_Area_Development": 0.10488088481701514, "CC_Death_Receptor_Signaling": 0.026583202716502538, "CC_EGFR_ErbB_Signaling": 0.05891915681051024, "CC_Fanconi_anemia_and_checkpoint_recovery": 0.18945304843609245, "CC_FA_BRCA_pathway": 0.20698664798486635, "CC_FGF_pathway_of_Drosophila_Signalling_Pathways": 0.07292577688472274, "CC_Guard_Cell_Abscisic_Acid_Signaling": 0.04041210240550887, "CC_HCC1954_Breast_Cell_Line_Short-term_ErbB_Network": 0.20488275359990976, "CC_HGF_Signaling_in_Keratinocytes": 0.03133767617375069, "CC_HH_Pathway_of_Drosophila_Signaling_Pathways": 0.1681853906083864, "CC_HIV1_interactions_with_TCell_Signalling_Pathway": 0.04048202141970601, "CC_Human_Gonadal_Sex_Determination": 0.20654455911746317, "CC_IL_1_Signaling": 0.02789429873955753, "CC_IL_6_Signalling": 0.042452339364317034, "CC_Influenza_A_Virus_Replication_Cycle": 0.060192819372671055, "CC_Iron_acquisition_and_oxidative_stress_response_in_aspergillus_fumigatus": 0.0391921459677262, "CC_Lac_Operon": 0.09933808713457068, "CC_Lymphoid_and_myeloid_cell specification": 0.05982663472648274, "CC_Mammalian_Cell_Cycle": 0.07951565083240351, "CC_Mammalian_Cell_Cycle_2006": 0.1586564685097964, "CC_MAPK_Cancer_Cell_Fate_Network": 0.04181153664318538, "CC_Metabolic_Interactions_Gut_Microbiome": 0.14060634632938576, "CC_Neurotransmitter_Signaling_Pathway": 0.020833333333333332, "CC_Ovarian_Cycle_Follicular_Phase": 0.07336173692357921, "CC_Oxidative_Stress_Pathway": 0.05029065042222319, "CC_PC12_Cell_Differentiation": 0.03186605356992819, "CC_Predicting_Variabilities_in_Cardiac_Gene": 0.09151362262754781, "CC_Pro-inflammatory_Tumor_Microenvironment_in_Acute_Lymphoblastic_Leukemia": 0.09352985981229761, "CC_Processing_of_Spz_Network_from_Drosophila_Signaling_Pathway": 0.04729818690208923, "CC_Regulation_of_L-arabinose_operon_of_Escherichia_coli": 0.10674283545892296, "CC_Senescence_Associated_Secretory_Phenotype": 0.04072410215885569, "CC_Septation_Initiation_Network": 0.05802759919582235, "CC_SKBR3_Breast_Cellline_Long-term_ErbB_Network_v1": 0.12830415095557646, "CC_Stomatal_Opening_Model": 0.07366510310626836, "CC_T-Cell_Signaling_2006": 0.027106676928318935, "CC_T-LGL_Survival_Network_2008": 0.07413496489599758, "CC_T-LGL_Survival_Network_2011": 0.0825477328552447, "CC_T-LGL_Survival_Network_2011_Reduced_Network": 0.06651216665210363, "CC_Toll_Pathway_of_Drosophila_Signaling_Pathway": 0.0, "CC_Trichostrongylus_retortaeformis": 0.08325829955292416, "CC_Tumour_Cell_Invasion_and_Migration": 0.16062536215852435, "CC_T_cell_differentiation": 0.04584330035168174, "CC_VEGF_Pathway_of_Drosophila_Signaling_Pathway": 0.07095577652469334, "CC_Wg_Pathway_of_Drosophila_Signalling_Pathways": 0.11430712975239095}