{"CC_Apoptosis_Network": 0.061416786216509936, "CC_Arabidopsis_thaliana_CC": 0.1508567466107154, "CC_Aurora_Kinase_A": 0.10871845983050926, "CC_Body_Segmentation": 0.1035198926773257, "CC_Bordetella_bronchiseptica": 0.06757833705915428, "CC_Bortezomib_Responses_in_U266": 0.05467642894114267, "CC_BT474_Breast_Cell": 0.13185680259781227, "CC_BT474_Breast_Cell_v2": 0.21971681451327685, "CC_Budding _Yeast_CC_2009": 0.1450166264272832, "CC_Budding_Yeast_Cell_Cycle": 0.13247492832474395, "CC_B_bronchiseptica": 0.08412130404095529, "CC_B_cell_differentiation": 0.07651150336555564, "CC_Cardiac_development": 0.1066432587406261, "CC_CD4p_TCell_Diff_Plas": 0.15982939387487408, "CC_CD4_Tcell_signaling": 0.0347834371530789, "CC_CellCycle_Transc_Coup_CDK_Oscillators": 0.16092236187294934, "CC_Cholesterol_Regulatory_Pathway": 0.05191329078964391, "CC_Colitis_associated_colon_cancer": 0.06928672039740696, "CC_Cortical_Area_Development": 0.25919026184780686, "CC_Death_Receptor_Signaling": 0.07907217059917672, "CC_EGFR_ErbB_Signaling": 0.06940713286708096, "CC_Fanconi_anemia_and_checkpoint_recovery": 0.15601387487173804, "CC_FA_BRCA_pathway": 0.12235430463414354, "CC_FGF_pathway_of_Drosophila_Signalling_Pathways": 0.11143959727164596, "CC_Guard_Cell_Abscisic_Acid_Signaling": 0.06651804440290035, "CC_HCC1954_Breast_Cell_Line_Short-term_ErbB_Network": 0.2187178162238947, "CC_HGF_Signaling_in_Keratinocytes": 0.05673311034131638, "CC_HH_Pathway_of_Drosophila_Signaling_Pathways": 0.17395875256940982, "CC_HIV1_interactions_with_TCell_Signalling_Pathway": 0.043844896320694944, "CC_Human_Gonadal_Sex_Determination": 0.15818654085687892, "CC_IL_1_Signaling": 0.05146823002085525, "CC_IL_6_Signalling": 0.05414782875855929, "CC_Influenza_A_Virus_Replication_Cycle": 0.038320294509536376, "CC_Iron_acquisition_and_oxidative_stress_response_in_aspergillus_fumigatus": 0.10463592431934296, "CC_Lac_Operon": 0.1703395468600577, "CC_Lymphoid_and_myeloid_cell specification": 0.10104470426018804, "CC_Mammalian_Cell_Cycle": 0.13753831457298743, "CC_Mammalian_Cell_Cycle_2006": 0.16994470326658417, "CC_MAPK_Cancer_Cell_Fate_Network": 0.061932533802604404, "CC_Metabolic_Interactions_Gut_Microbiome": 0.15607755283967537, "CC_Neurotransmitter_Signaling_Pathway": 0.08072830946439788, "CC_Ovarian_Cycle_Follicular_Phase": 0.11861229932439725, "CC_Oxidative_Stress_Pathway": 0.09232652626823389, "CC_PC12_Cell_Differentiation": 0.06824422877839124, "CC_Predicting_Variabilities_in_Cardiac_Gene": 0.13364328214993354, "CC_Pro-inflammatory_Tumor_Microenvironment_in_Acute_Lymphoblastic_Leukemia": 0.09892878069323302, "CC_Processing_of_Spz_Network_from_Drosophila_Signaling_Pathway": 0.0870634208465076, "CC_Regulation_of_L-arabinose_operon_of_Escherichia_coli": 0.17693340436231678, "CC_Senescence_Associated_Secretory_Phenotype": 0.07082528821752902, "CC_Septation_Initiation_Network": 0.10137004659650381, "CC_SKBR3_Breast_Cellline_Long-term_ErbB_Network_v1": 0.133146303069135, "CC_Stomatal_Opening_Model": 0.08407103841190156, "CC_T-Cell_Signaling_2006": 0.053233842328329374, "CC_T-LGL_Survival_Network_2008": 0.07949339038303685, "CC_T-LGL_Survival_Network_2011": 0.07890794952295098, "CC_T-LGL_Survival_Network_2011_Reduced_Network": 0.13314334773319852, "CC_Toll_Pathway_of_Drosophila_Signaling_Pathway": 0.08911535776265526, "CC_Trichostrongylus_retortaeformis": 0.10694086912773768, "CC_Tumour_Cell_Invasion_and_Migration": 0.09378047501655698, "CC_T_cell_differentiation": 0.08845438064287987, "CC_VEGF_Pathway_of_Drosophila_Signaling_Pathway": 0.13715029741722273, "CC_Wg_Pathway_of_Drosophila_Signalling_Pathways": 0.15991650407406688}