{"CC_Apoptosis_Network": 0.04586326234043802, "CC_Arabidopsis_thaliana_CC": 0.09129364318372468, "CC_Aurora_Kinase_A": 0.06974693218291521, "CC_Body_Segmentation": 0.053570875472388466, "CC_Bordetella_bronchiseptica": 0.0548654197215921, "CC_Bortezomib_Responses_in_U266": 0.038532406676781046, "CC_BT474_Breast_Cell": 0.0796235007858295, "CC_BT474_Breast_Cell_v2": 0.08405143092043403, "CC_Budding _Yeast_CC_2009": 0.09121767427614975, "CC_Budding_Yeast_Cell_Cycle": 0.06178500216106583, "CC_B_bronchiseptica": 0.045659104598174, "CC_B_cell_differentiation": 0.06368641980545676, "CC_Cardiac_development": 0.0789794760868245, "CC_CD4p_TCell_Diff_Plas": 0.07428056580282537, "CC_CD4_Tcell_signaling": 0.01964387508092204, "CC_CellCycle_Transc_Coup_CDK_Oscillators": 0.10302019205989438, "CC_Cholesterol_Regulatory_Pathway": 0.02856524811731023, "CC_Colitis_associated_colon_cancer": 0.053607254781495986, "CC_Cortical_Area_Development": 0.008784469418049176, "CC_Death_Receptor_Signaling": 0.055788201575713105, "CC_EGFR_ErbB_Signaling": 0.01921283210685561, "CC_Fanconi_anemia_and_checkpoint_recovery": 0.09432447979282588, "CC_FA_BRCA_pathway": 0.17752520467267377, "CC_FGF_pathway_of_Drosophila_Signalling_Pathways": 0.02945861688498628, "CC_Guard_Cell_Abscisic_Acid_Signaling": 0.03651455626033212, "CC_HCC1954_Breast_Cell_Line_Short-term_ErbB_Network": 0.09255716154557701, "CC_HGF_Signaling_in_Keratinocytes": 0.02896534504769875, "CC_HH_Pathway_of_Drosophila_Signaling_Pathways": 0.040341454289236724, "CC_HIV1_interactions_with_TCell_Signalling_Pathway": 0.11716601880573525, "CC_Human_Gonadal_Sex_Determination": 0.08599284973408729, "CC_IL_1_Signaling": 0.032677146505208345, "CC_IL_6_Signalling": 0.031623180858847515, "CC_Influenza_A_Virus_Replication_Cycle": 0.1469224558765434, "CC_Iron_acquisition_and_oxidative_stress_response_in_aspergillus_fumigatus": 0.06071961898629007, "CC_Lac_Operon": 0.059619183736043656, "CC_Lymphoid_and_myeloid_cell specification": 0.059470039541373206, "CC_Mammalian_Cell_Cycle": 0.08616660360955417, "CC_Mammalian_Cell_Cycle_2006": 0.11855339192594284, "CC_MAPK_Cancer_Cell_Fate_Network": 0.04746728106842584, "CC_Metabolic_Interactions_Gut_Microbiome": 0.08820140708810974, "CC_Neurotransmitter_Signaling_Pathway": 0.04956402712864093, "CC_Ovarian_Cycle_Follicular_Phase": 0.03018967278266056, "CC_Oxidative_Stress_Pathway": 0.053621554905939166, "CC_PC12_Cell_Differentiation": 0.041806004453519466, "CC_Predicting_Variabilities_in_Cardiac_Gene": 0.08412804953065213, "CC_Pro-inflammatory_Tumor_Microenvironment_in_Acute_Lymphoblastic_Leukemia": 0.07052324790950742, "CC_Processing_of_Spz_Network_from_Drosophila_Signaling_Pathway": 0.03191409916699445, "CC_Regulation_of_L-arabinose_operon_of_Escherichia_coli": 0.043950836523538456, "CC_Senescence_Associated_Secretory_Phenotype": 0.05861962334081119, "CC_Septation_Initiation_Network": 0.03818221878060475, "CC_SKBR3_Breast_Cellline_Long-term_ErbB_Network_v1": 0.06984627739581876, "CC_Stomatal_Opening_Model": 0.03278705677422879, "CC_T-Cell_Signaling_2006": 0.0255992357830342, "CC_T-LGL_Survival_Network_2008": 0.23434558944848674, "CC_T-LGL_Survival_Network_2011": 0.24391887937425866, "CC_T-LGL_Survival_Network_2011_Reduced_Network": 0.08081387059566611, "CC_Toll_Pathway_of_Drosophila_Signaling_Pathway": 0.03162870174342146, "CC_Trichostrongylus_retortaeformis": 0.053658374432731255, "CC_Tumour_Cell_Invasion_and_Migration": 0.17191176111719522, "CC_T_cell_differentiation": 0.04435016946717089, "CC_VEGF_Pathway_of_Drosophila_Signaling_Pathway": 0.019219029466439615, "CC_Wg_Pathway_of_Drosophila_Signalling_Pathways": 0.03558717792270049}