{"CC_Apoptosis_Network": 0.0218176436519934, "CC_Arabidopsis_thaliana_CC": 0.11890278060022617, "CC_Aurora_Kinase_A": 0.03926277305267568, "CC_Body_Segmentation": 0.019466890717720634, "CC_Bordetella_bronchiseptica": 0.031068163645619117, "CC_Bortezomib_Responses_in_U266": 0.02832999142436834, "CC_BT474_Breast_Cell": 0.0462986993972889, "CC_BT474_Breast_Cell_v2": 0.0, "CC_Budding _Yeast_CC_2009": 0.0631779419865158, "CC_Budding_Yeast_Cell_Cycle": 0.03149969637383349, "CC_B_bronchiseptica": 0.030509375366964086, "CC_B_cell_differentiation": 0.0295187906287378, "CC_Cardiac_development": 0.07374123206182434, "CC_CD4p_TCell_Diff_Plas": 0.05231325122993319, "CC_CD4_Tcell_signaling": 0.010492394525132056, "CC_CellCycle_Transc_Coup_CDK_Oscillators": 0.02222552361225546, "CC_Cholesterol_Regulatory_Pathway": 0.011567969006075988, "CC_Colitis_associated_colon_cancer": 0.02957324268172845, "CC_Cortical_Area_Development": 0.003146582064397975, "CC_Death_Receptor_Signaling": 0.020886090437517973, "CC_EGFR_ErbB_Signaling": 0.009229836094184792, "CC_Fanconi_anemia_and_checkpoint_recovery": 0.061090102803025445, "CC_FA_BRCA_pathway": 0.06188903836153832, "CC_FGF_pathway_of_Drosophila_Signalling_Pathways": 0.01627714849855006, "CC_Guard_Cell_Abscisic_Acid_Signaling": 0.02123505684796768, "CC_HCC1954_Breast_Cell_Line_Short-term_ErbB_Network": 2.7331801484138993e-17, "CC_HGF_Signaling_in_Keratinocytes": 0.018977371726058744, "CC_HH_Pathway_of_Drosophila_Signaling_Pathways": 0.024510465522730833, "CC_HIV1_interactions_with_TCell_Signalling_Pathway": 0.007740164301593528, "CC_Human_Gonadal_Sex_Determination": 0.08201836415525411, "CC_IL_1_Signaling": 0.008017974860792634, "CC_IL_6_Signalling": 0.009045590613374307, "CC_Influenza_A_Virus_Replication_Cycle": 0.010081933920219159, "CC_Iron_acquisition_and_oxidative_stress_response_in_aspergillus_fumigatus": 0.027985355036585557, "CC_Lac_Operon": 0.03348671985128587, "CC_Lymphoid_and_myeloid_cell specification": 0.036163248495771703, "CC_Mammalian_Cell_Cycle": 0.04258994203743986, "CC_Mammalian_Cell_Cycle_2006": 0.08566853672565862, "CC_MAPK_Cancer_Cell_Fate_Network": 0.03779957289969326, "CC_Metabolic_Interactions_Gut_Microbiome": 0.04330339450828004, "CC_Neurotransmitter_Signaling_Pathway": 0.018720170073237122, "CC_Ovarian_Cycle_Follicular_Phase": 6.330720221867629e-17, "CC_Oxidative_Stress_Pathway": 0.039895628839790864, "CC_PC12_Cell_Differentiation": 7.053511395024061e-17, "CC_Predicting_Variabilities_in_Cardiac_Gene": 0.06986004086190167, "CC_Pro-inflammatory_Tumor_Microenvironment_in_Acute_Lymphoblastic_Leukemia": 0.058934363857818535, "CC_Processing_of_Spz_Network_from_Drosophila_Signaling_Pathway": 1.6342421365204816e-16, "CC_Regulation_of_L-arabinose_operon_of_Escherichia_coli": 1.0113997636426648e-16, "CC_Senescence_Associated_Secretory_Phenotype": 0.02130373252336117, "CC_Septation_Initiation_Network": 0.019938814422843076, "CC_SKBR3_Breast_Cellline_Long-term_ErbB_Network_v1": 0.04217799874591777, "CC_Stomatal_Opening_Model": 0.017240804219380696, "CC_T-Cell_Signaling_2006": 2.2027408581344073e-16, "CC_T-LGL_Survival_Network_2008": 0.007548624325529108, "CC_T-LGL_Survival_Network_2011": 0.007322466308249988, "CC_T-LGL_Survival_Network_2011_Reduced_Network": 0.0032163378911016036, "CC_Toll_Pathway_of_Drosophila_Signaling_Pathway": 1.6194332636021986e-16, "CC_Trichostrongylus_retortaeformis": 0.03839168488556075, "CC_Tumour_Cell_Invasion_and_Migration": 0.030575415272039587, "CC_T_cell_differentiation": 0.026661245328120114, "CC_VEGF_Pathway_of_Drosophila_Signaling_Pathway": 0.024034148380571944, "CC_Wg_Pathway_of_Drosophila_Signalling_Pathways": 0.012803572121225546}