{"CC_Apoptosis_Network": 0.030615266503229613, "CC_Arabidopsis_thaliana_CC": 0.11681300103190188, "CC_Aurora_Kinase_A": 0.053814084912404976, "CC_Body_Segmentation": 0.0557227950729697, "CC_Bordetella_bronchiseptica": 0.04884375641111551, "CC_Bortezomib_Responses_in_U266": 0.02964235378728622, "CC_BT474_Breast_Cell": 0.06709376344685826, "CC_BT474_Breast_Cell_v2": 0.09016308928642543, "CC_Budding _Yeast_CC_2009": 0.07964767384234972, "CC_Budding_Yeast_Cell_Cycle": 0.06922921290373618, "CC_B_bronchiseptica": 0.03804794436684727, "CC_B_cell_differentiation": 0.06513689999696058, "CC_Cardiac_development": 0.07301486159594082, "CC_CD4p_TCell_Diff_Plas": 0.12664692444330183, "CC_CD4_Tcell_signaling": 0.018416879778165265, "CC_CellCycle_Transc_Coup_CDK_Oscillators": 0.057632338748610734, "CC_Cholesterol_Regulatory_Pathway": 0.007389983935729474, "CC_Colitis_associated_colon_cancer": 0.028620802496321596, "CC_Cortical_Area_Development": 0.13504488591620645, "CC_Death_Receptor_Signaling": 0.03464101615137756, "CC_EGFR_ErbB_Signaling": 0.024612895555324397, "CC_Fanconi_anemia_and_checkpoint_recovery": 0.09802533773736324, "CC_FA_BRCA_pathway": 0.07271798730114948, "CC_FGF_pathway_of_Drosophila_Signalling_Pathways": 0.03775338704479305, "CC_Guard_Cell_Abscisic_Acid_Signaling": 0.03905325332477908, "CC_HCC1954_Breast_Cell_Line_Short-term_ErbB_Network": 0.08951678595115907, "CC_HGF_Signaling_in_Keratinocytes": 0.016359344564952968, "CC_HH_Pathway_of_Drosophila_Signaling_Pathways": 0.066960411355757, "CC_HIV1_interactions_with_TCell_Signalling_Pathway": 0.017396651189343127, "CC_Human_Gonadal_Sex_Determination": 0.08767365745781715, "CC_IL_1_Signaling": 0.015051052588000787, "CC_IL_6_Signalling": 0.024193515521121256, "CC_Influenza_A_Virus_Replication_Cycle": 0.020420400489356335, "CC_Iron_acquisition_and_oxidative_stress_response_in_aspergillus_fumigatus": 0.04278794317103921, "CC_Lac_Operon": 0.06552960237845784, "CC_Lymphoid_and_myeloid_cell specification": 0.03815315853703163, "CC_Mammalian_Cell_Cycle": 0.06385140436769507, "CC_Mammalian_Cell_Cycle_2006": 0.12766811554680646, "CC_MAPK_Cancer_Cell_Fate_Network": 0.02947561972960166, "CC_Metabolic_Interactions_Gut_Microbiome": 0.1082929908123639, "CC_Neurotransmitter_Signaling_Pathway": 0.015549057873632593, "CC_Ovarian_Cycle_Follicular_Phase": 0.031401149612230714, "CC_Oxidative_Stress_Pathway": 0.0497865737353433, "CC_PC12_Cell_Differentiation": 0.016342859533653616, "CC_Predicting_Variabilities_in_Cardiac_Gene": 0.07578775561309989, "CC_Pro-inflammatory_Tumor_Microenvironment_in_Acute_Lymphoblastic_Leukemia": 0.06288035602779446, "CC_Processing_of_Spz_Network_from_Drosophila_Signaling_Pathway": 0.02757104255857138, "CC_Regulation_of_L-arabinose_operon_of_Escherichia_coli": 0.03948161413992787, "CC_Senescence_Associated_Secretory_Phenotype": 0.021401252328664685, "CC_Septation_Initiation_Network": 0.051106575438436726, "CC_SKBR3_Breast_Cellline_Long-term_ErbB_Network_v1": 0.0781131587604268, "CC_Stomatal_Opening_Model": 0.056138005973368335, "CC_T-Cell_Signaling_2006": 0.017205080179392106, "CC_T-LGL_Survival_Network_2008": 0.046274856278151394, "CC_T-LGL_Survival_Network_2011": 0.04350169733248231, "CC_T-LGL_Survival_Network_2011_Reduced_Network": 0.04654813657474239, "CC_Toll_Pathway_of_Drosophila_Signaling_Pathway": 0.0, "CC_Trichostrongylus_retortaeformis": 0.047526408129554346, "CC_Tumour_Cell_Invasion_and_Migration": 0.08046323348257632, "CC_T_cell_differentiation": 0.03671852791232109, "CC_VEGF_Pathway_of_Drosophila_Signaling_Pathway": 0.04530759073022728, "CC_Wg_Pathway_of_Drosophila_Signalling_Pathways": 0.04262300638777369}