{"CC_Apoptosis_Network": 0.044555023014351776, "CC_Arabidopsis_thaliana_CC": 0.14713206650416197, "CC_Aurora_Kinase_A": 0.06412636109661092, "CC_Body_Segmentation": 0.08445380284309617, "CC_Bordetella_bronchiseptica": 0.07032034152337016, "CC_Bortezomib_Responses_in_U266": 0.0424478006148637, "CC_BT474_Breast_Cell": 0.08942734555518471, "CC_BT474_Breast_Cell_v2": 0.19895525321349203, "CC_Budding _Yeast_CC_2009": 0.10959046597125328, "CC_Budding_Yeast_Cell_Cycle": 0.09521809685867363, "CC_B_bronchiseptica": 0.04605374662429143, "CC_B_cell_differentiation": 0.0812195430556114, "CC_Cardiac_development": 0.09289515509244896, "CC_CD4p_TCell_Diff_Plas": 0.17350151468987465, "CC_CD4_Tcell_signaling": 0.02417269349768468, "CC_CellCycle_Transc_Coup_CDK_Oscillators": 0.08662253949580587, "CC_Cholesterol_Regulatory_Pathway": 0.01361581185987927, "CC_Colitis_associated_colon_cancer": 0.044455777184340864, "CC_Cortical_Area_Development": 0.13960951373932443, "CC_Death_Receptor_Signaling": 0.040571931586418995, "CC_EGFR_ErbB_Signaling": 0.06813544489467831, "CC_Fanconi_anemia_and_checkpoint_recovery": 0.12055846346169521, "CC_FA_BRCA_pathway": 0.09578153566878614, "CC_FGF_pathway_of_Drosophila_Signalling_Pathways": 0.04148840807982294, "CC_Guard_Cell_Abscisic_Acid_Signaling": 0.055255568172758736, "CC_HCC1954_Breast_Cell_Line_Short-term_ErbB_Network": 0.18993815210056308, "CC_HGF_Signaling_in_Keratinocytes": 0.030270833241833935, "CC_HH_Pathway_of_Drosophila_Signaling_Pathways": 0.18754972249297905, "CC_HIV1_interactions_with_TCell_Signalling_Pathway": 0.03589194140388137, "CC_Human_Gonadal_Sex_Determination": 0.11072200948491359, "CC_IL_1_Signaling": 0.024474749568509396, "CC_IL_6_Signalling": 0.034772111406843526, "CC_Influenza_A_Virus_Replication_Cycle": 0.040008376040895716, "CC_Iron_acquisition_and_oxidative_stress_response_in_aspergillus_fumigatus": 0.05390521017186993, "CC_Lac_Operon": 0.1018652571402286, "CC_Lymphoid_and_myeloid_cell specification": 0.06107417234626477, "CC_Mammalian_Cell_Cycle": 0.09049256097168916, "CC_Mammalian_Cell_Cycle_2006": 0.13868781930829324, "CC_MAPK_Cancer_Cell_Fate_Network": 0.04963343458978352, "CC_Metabolic_Interactions_Gut_Microbiome": 0.11477680286303328, "CC_Neurotransmitter_Signaling_Pathway": 0.028101960517888776, "CC_Ovarian_Cycle_Follicular_Phase": 0.06681829323788875, "CC_Oxidative_Stress_Pathway": 0.05444178345109899, "CC_PC12_Cell_Differentiation": 0.031291706479069835, "CC_Predicting_Variabilities_in_Cardiac_Gene": 0.09582349729288998, "CC_Pro-inflammatory_Tumor_Microenvironment_in_Acute_Lymphoblastic_Leukemia": 0.0850374204300419, "CC_Processing_of_Spz_Network_from_Drosophila_Signaling_Pathway": 0.05387101161317895, "CC_Regulation_of_L-arabinose_operon_of_Escherichia_coli": 0.06113944921192056, "CC_Senescence_Associated_Secretory_Phenotype": 0.03910987472435234, "CC_Septation_Initiation_Network": 0.058965333993936414, "CC_SKBR3_Breast_Cellline_Long-term_ErbB_Network_v1": 0.10292986249818885, "CC_Stomatal_Opening_Model": 0.054849445404976056, "CC_T-Cell_Signaling_2006": 0.02847083358782059, "CC_T-LGL_Survival_Network_2008": 0.07113983420956611, "CC_T-LGL_Survival_Network_2011": 0.062381401938779994, "CC_T-LGL_Survival_Network_2011_Reduced_Network": 0.05667800340113374, "CC_Toll_Pathway_of_Drosophila_Signaling_Pathway": 0.0, "CC_Trichostrongylus_retortaeformis": 0.0713069679166727, "CC_Tumour_Cell_Invasion_and_Migration": 0.0736727653682223, "CC_T_cell_differentiation": 0.040001009177302885, "CC_VEGF_Pathway_of_Drosophila_Signaling_Pathway": 0.0935087030763469, "CC_Wg_Pathway_of_Drosophila_Signalling_Pathways": 0.12094681145196355}