{"CC_Apoptosis_Network": 0.2840362517780939, "CC_Arabidopsis_thaliana_CC": 0.8302750002039798, "CC_Aurora_Kinase_A": 0.16218841358094535, "CC_Body_Segmentation": 0.38172417312043194, "CC_Bordetella_bronchiseptica": 0.48094559369271334, "CC_Bortezomib_Responses_in_U266": 0.39120611499454044, "CC_BT474_Breast_Cell": 0.9085086803669525, "CC_Budding _Yeast_CC_2009": 0.5780274653777769, "CC_Budding_Yeast_Cell_Cycle": 0.21403284277914347, "CC_B_bronchiseptica": 0.31530955426168267, "CC_B_cell_differentiation": 0.43198088243624894, "CC_Cardiac_development": 0.41466737398344417, "CC_CD4p_TCell_Diff_Plas": 0.5928381958877821, "CC_CD4_Tcell_signaling": 0.30283730074869913, "CC_CellCycle_Transc_Coup_CDK_Oscillators": 0.2972207799665019, "CC_Cholesterol_Regulatory_Pathway": 0.06929088120211771, "CC_Colitis_associated_colon_cancer": 0.40916551296244197, "CC_Cortical_Area_Development": 0.8394663207679648, "CC_Death_Receptor_Signaling": 0.2214002506756668, "CC_EGFR_ErbB_Signaling": 0.7749621139922321, "CC_Fanconi_anemia_and_checkpoint_recovery": 0.8827506036576173, "CC_FA_BRCA_pathway": 1.446367670512273, "CC_FGF_pathway_of_Drosophila_Signalling_Pathways": 0.23682938368460282, "CC_Guard_Cell_Abscisic_Acid_Signaling": 0.3915279343248945, "CC_HGF_Signaling_in_Keratinocytes": 0.17499973763245386, "CC_HH_Pathway_of_Drosophila_Signaling_Pathways": 0.614226512561783, "CC_HIV1_interactions_with_TCell_Signalling_Pathway": 0.3146781871965643, "CC_Human_Gonadal_Sex_Determination": 1.3141601613507716, "CC_IL_1_Signaling": 0.37637301566196885, "CC_IL_6_Signalling": 0.37057776027680217, "CC_Influenza_A_Virus_Replication_Cycle": 0.6549485538742708, "CC_Iron_acquisition_and_oxidative_stress_response_in_aspergillus_fumigatus": 0.35925175965339257, "CC_Lac_Operon": 0.43792037309356124, "CC_Lymphoid_and_myeloid_cell specification": 0.44788110686293564, "CC_Mammalian_Cell_Cycle": 0.4422952131468922, "CC_Mammalian_Cell_Cycle_2006": 0.6825967122722891, "CC_MAPK_Cancer_Cell_Fate_Network": 0.2608604863479802, "CC_Metabolic_Interactions_Gut_Microbiome": 0.5359330669049599, "CC_Neurotransmitter_Signaling_Pathway": 0.16498407808250642, "CC_Oxidative_Stress_Pathway": 0.23437356843661605, "CC_Predicting_Variabilities_in_Cardiac_Gene": 0.4144757133372315, "CC_Pro-inflammatory_Tumor_Microenvironment_in_Acute_Lymphoblastic_Leukemia": 0.9945628196195679, "CC_Processing_of_Spz_Network_from_Drosophila_Signaling_Pathway": 0.10028011386948273, "CC_Senescence_Associated_Secretory_Phenotype": 0.3530742103367598, "CC_Septation_Initiation_Network": 0.25053643458230135, "CC_SKBR3_Breast_Cellline_Long-term_ErbB_Network_v1": 0.9731155154270621, "CC_Stomatal_Opening_Model": 0.5984173755124479, "CC_T-Cell_Signaling_2006": 0.18796586337049426, "CC_T-LGL_Survival_Network_2008": 1.4036702604033127, "CC_T-LGL_Survival_Network_2011": 1.2001796491024463, "CC_T-LGL_Survival_Network_2011_Reduced_Network": 0.6612747489151631, "CC_Trichostrongylus_retortaeformis": 0.25880336062633047, "CC_Tumour_Cell_Invasion_and_Migration": 0.7575559095086618, "CC_T_cell_differentiation": 0.23225619711822784, "CC_VEGF_Pathway_of_Drosophila_Signaling_Pathway": 0.15652887608203536, "CC_Wg_Pathway_of_Drosophila_Signalling_Pathways": 0.4201491180895987}