{"CC_Apoptosis_Network": 0.34672019651130187, "CC_Arabidopsis_thaliana_CC": 0.3058137694781232, "CC_Aurora_Kinase_A": 0.420413878441217, "CC_Body_Segmentation": 0.44024623853705136, "CC_Bordetella_bronchiseptica": 0.12737892895482927, "CC_Bortezomib_Responses_in_U266": 0.4711873062196451, "CC_BT474_Breast_Cell": 0.1751673522650642, "CC_BT474_Breast_Cell_v2": 0.3914322381375364, "CC_Budding _Yeast_CC_2009": 0.584881543351375, "CC_Budding_Yeast_Cell_Cycle": 0.2931940013424271, "CC_B_bronchiseptica": 0.4418130874771954, "CC_B_cell_differentiation": 0.34830414058688475, "CC_Cardiac_development": 0.40959515152410675, "CC_CD4p_TCell_Diff_Plas": 0.3736079209375003, "CC_CD4_Tcell_signaling": 0.3100595848564768, "CC_CellCycle_Transc_Coup_CDK_Oscillators": 0.37815381107636686, "CC_Cholesterol_Regulatory_Pathway": 0.3212374250856571, "CC_Colitis_associated_colon_cancer": 0.17794091460124323, "CC_Cortical_Area_Development": 0.6544152040251352, "CC_Death_Receptor_Signaling": 0.36194029971192154, "CC_EGFR_ErbB_Signaling": 0.4872287856805466, "CC_Fanconi_anemia_and_checkpoint_recovery": 0.5760229762221316, "CC_FA_BRCA_pathway": 0.2123896494411164, "CC_FGF_pathway_of_Drosophila_Signalling_Pathways": 0.3036065139776567, "CC_Guard_Cell_Abscisic_Acid_Signaling": 0.2857617958925824, "CC_HCC1954_Breast_Cell_Line_Short-term_ErbB_Network": 0.3443776757174398, "CC_HGF_Signaling_in_Keratinocytes": 0.30712416081058946, "CC_HH_Pathway_of_Drosophila_Signaling_Pathways": 0.6152810607881968, "CC_HIV1_interactions_with_TCell_Signalling_Pathway": 0.066816574761258, "CC_Human_Gonadal_Sex_Determination": 0.2860880574108466, "CC_IL_1_Signaling": 0.2832428631334009, "CC_IL_6_Signalling": 0.318261432501667, "CC_Influenza_A_Virus_Replication_Cycle": 0.07350559437888463, "CC_Iron_acquisition_and_oxidative_stress_response_in_aspergillus_fumigatus": 0.39344066332238153, "CC_Lac_Operon": 0.23711746615920454, "CC_Lymphoid_and_myeloid_cell specification": 0.2729467998729861, "CC_Mammalian_Cell_Cycle": 0.33224424944978986, "CC_Mammalian_Cell_Cycle_2006": 0.6809348149582471, "CC_MAPK_Cancer_Cell_Fate_Network": 0.4638376084591102, "CC_Metabolic_Interactions_Gut_Microbiome": 0.30557067517888836, "CC_Neurotransmitter_Signaling_Pathway": 0.35905027599828476, "CC_Ovarian_Cycle_Follicular_Phase": 0.24549018737775535, "CC_Oxidative_Stress_Pathway": 0.42655554753778696, "CC_PC12_Cell_Differentiation": 0.36547284183068807, "CC_Predicting_Variabilities_in_Cardiac_Gene": 0.35161562912145883, "CC_Pro-inflammatory_Tumor_Microenvironment_in_Acute_Lymphoblastic_Leukemia": 0.3050415275418958, "CC_Processing_of_Spz_Network_from_Drosophila_Signaling_Pathway": 0.24943885179227673, "CC_Regulation_of_L-arabinose_operon_of_Escherichia_coli": 0.30287265616176073, "CC_Senescence_Associated_Secretory_Phenotype": 0.3618742192178961, "CC_Septation_Initiation_Network": 0.3584199328481077, "CC_SKBR3_Breast_Cellline_Long-term_ErbB_Network_v1": 0.28440806487638703, "CC_Stomatal_Opening_Model": 0.17622699612101675, "CC_T-Cell_Signaling_2006": 0.3265399249392578, "CC_T-LGL_Survival_Network_2008": 0.051972829963363776, "CC_T-LGL_Survival_Network_2011": 0.04033579109456157, "CC_T-LGL_Survival_Network_2011_Reduced_Network": 0.30954189790225056, "CC_Toll_Pathway_of_Drosophila_Signaling_Pathway": 0.2815400226107414, "CC_Trichostrongylus_retortaeformis": 0.2895691949569642, "CC_Tumour_Cell_Invasion_and_Migration": 0.09345091180222234, "CC_T_cell_differentiation": 0.41807205276724363, "CC_VEGF_Pathway_of_Drosophila_Signaling_Pathway": 0.3712963609494726, "CC_Wg_Pathway_of_Drosophila_Signalling_Pathways": 0.5356695741543751}