{"CC_Apoptosis_Network": 0.12008604880765825, "CC_Arabidopsis_thaliana_CC": 0.10810688443936416, "CC_Aurora_Kinase_A": 0.04968990806354599, "CC_Body_Segmentation": 0.029753549485530117, "CC_Bordetella_bronchiseptica": 0.061386376965078975, "CC_Bortezomib_Responses_in_U266": 0.06279426179558895, "CC_BT474_Breast_Cell": 0.05210496284319125, "CC_BT474_Breast_Cell_v2": 2.1865441187311192e-17, "CC_Budding _Yeast_CC_2009": 0.07078009979084264, "CC_Budding_Yeast_Cell_Cycle": 0.039854691576731306, "CC_B_bronchiseptica": 0.1236406864632923, "CC_B_cell_differentiation": 0.03487733178039127, "CC_Cardiac_development": 0.047108239924105094, "CC_CD4p_TCell_Diff_Plas": 0.05780624462588327, "CC_CD4_Tcell_signaling": 0.06787460014453704, "CC_CellCycle_Transc_Coup_CDK_Oscillators": 0.027751043202794992, "CC_Cholesterol_Regulatory_Pathway": 0.22108784269648613, "CC_Colitis_associated_colon_cancer": 0.32112040357437877, "CC_Cortical_Area_Development": 0.004195153783086932, "CC_Death_Receptor_Signaling": 0.03953609432217714, "CC_EGFR_ErbB_Signaling": 0.013018565381559067, "CC_Fanconi_anemia_and_checkpoint_recovery": 0.11552045673800831, "CC_FA_BRCA_pathway": 0.13556347702282176, "CC_FGF_pathway_of_Drosophila_Signalling_Pathways": 0.02046643962317468, "CC_Guard_Cell_Abscisic_Acid_Signaling": 0.02463541629719969, "CC_HCC1954_Breast_Cell_Line_Short-term_ErbB_Network": 1.5621425723676383e-17, "CC_HGF_Signaling_in_Keratinocytes": 0.0476299279684529, "CC_HH_Pathway_of_Drosophila_Signaling_Pathways": 0.021561831368828877, "CC_HIV1_interactions_with_TCell_Signalling_Pathway": 0.0033449908967839465, "CC_Human_Gonadal_Sex_Determination": 0.10560168282399272, "CC_IL_1_Signaling": 0.02576335573671643, "CC_IL_6_Signalling": 0.013286821506672115, "CC_Influenza_A_Virus_Replication_Cycle": 0.009436788189887725, "CC_Iron_acquisition_and_oxidative_stress_response_in_aspergillus_fumigatus": 0.029091298349965166, "CC_Lac_Operon": 0.034456714356274, "CC_Lymphoid_and_myeloid_cell specification": 0.08223270598475217, "CC_Mammalian_Cell_Cycle": 0.04033554083525243, "CC_Mammalian_Cell_Cycle_2006": 0.08943527457444506, "CC_MAPK_Cancer_Cell_Fate_Network": 0.08554477629489547, "CC_Metabolic_Interactions_Gut_Microbiome": 0.0594187678690999, "CC_Neurotransmitter_Signaling_Pathway": 0.03192386098785236, "CC_Ovarian_Cycle_Follicular_Phase": 4.6864277171029156e-17, "CC_Oxidative_Stress_Pathway": 0.032699867107477465, "CC_PC12_Cell_Differentiation": 5.771045862876478e-17, "CC_Predicting_Variabilities_in_Cardiac_Gene": 0.05116108899395548, "CC_Pro-inflammatory_Tumor_Microenvironment_in_Acute_Lymphoblastic_Leukemia": 0.11563159296268699, "CC_Processing_of_Spz_Network_from_Drosophila_Signaling_Pathway": 0.0005000000000000022, "CC_Regulation_of_L-arabinose_operon_of_Escherichia_coli": 1.1981911805425582e-16, "CC_Senescence_Associated_Secretory_Phenotype": 0.07934377408047712, "CC_Septation_Initiation_Network": 0.01723280276662597, "CC_SKBR3_Breast_Cellline_Long-term_ErbB_Network_v1": 0.04472887219498414, "CC_Stomatal_Opening_Model": 0.017528803813514942, "CC_T-Cell_Signaling_2006": 0.05217661889784933, "CC_T-LGL_Survival_Network_2008": 0.008030924054124504, "CC_T-LGL_Survival_Network_2011": 0.009567349044761836, "CC_T-LGL_Survival_Network_2011_Reduced_Network": 0.0033954485190087116, "CC_Toll_Pathway_of_Drosophila_Signaling_Pathway": 1.5290752666075584e-16, "CC_Trichostrongylus_retortaeformis": 0.03926107459001165, "CC_Tumour_Cell_Invasion_and_Migration": 0.0690099839051184, "CC_T_cell_differentiation": 0.027901264756498387, "CC_VEGF_Pathway_of_Drosophila_Signaling_Pathway": 0.018686043076509878, "CC_Wg_Pathway_of_Drosophila_Signalling_Pathways": 0.012061397495678805}