{"CC_Apoptosis_Network": 0.05176158218789294, "CC_Arabidopsis_thaliana_CC": 0.09199933933037377, "CC_Aurora_Kinase_A": 0.0580651422234716, "CC_Body_Segmentation": 0.01687535968530671, "CC_Bordetella_bronchiseptica": 0.011382429484656285, "CC_Bortezomib_Responses_in_U266": 0.06532932212678261, "CC_BT474_Breast_Cell": 0.031039776019175007, "CC_Budding _Yeast_CC_2009": 0.05984216386281061, "CC_Budding_Yeast_Cell_Cycle": 0.03734220330871899, "CC_B_bronchiseptica": 0.03534945001753355, "CC_B_cell_differentiation": 0.028351546363422277, "CC_Cardiac_development": 0.020494452750725745, "CC_CD4p_TCell_Diff_Plas": 0.06178014985390826, "CC_CD4_Tcell_signaling": 0.023717807469669557, "CC_CellCycle_Transc_Coup_CDK_Oscillators": 0.0, "CC_Cholesterol_Regulatory_Pathway": 0.09000459095397922, "CC_Colitis_associated_colon_cancer": 0.3097445682570147, "CC_Cortical_Area_Development": 0.0006231234454607115, "CC_Death_Receptor_Signaling": 0.03181217372552703, "CC_EGFR_ErbB_Signaling": 0.04319914312959677, "CC_Fanconi_anemia_and_checkpoint_recovery": 0.09246379411005524, "CC_FA_BRCA_pathway": 0.04582068335565779, "CC_FGF_pathway_of_Drosophila_Signalling_Pathways": 0.022597204196793803, "CC_Guard_Cell_Abscisic_Acid_Signaling": 0.02073759199497454, "CC_HGF_Signaling_in_Keratinocytes": 0.005136516745645983, "CC_HH_Pathway_of_Drosophila_Signaling_Pathways": 0.029142615811273608, "CC_HIV1_interactions_with_TCell_Signalling_Pathway": 0.004676169317121346, "CC_Human_Gonadal_Sex_Determination": 0.07187732108522675, "CC_IL_1_Signaling": 0.04930726519970439, "CC_IL_6_Signalling": 0.058763213873517704, "CC_Influenza_A_Virus_Replication_Cycle": 0.0022076785145035667, "CC_Iron_acquisition_and_oxidative_stress_response_in_aspergillus_fumigatus": 0.03597123296726326, "CC_Lac_Operon": 0.03278289186144215, "CC_Lymphoid_and_myeloid_cell specification": 0.052291597463558825, "CC_Mammalian_Cell_Cycle": 0.034144249700571984, "CC_Mammalian_Cell_Cycle_2006": 0.07196975581253774, "CC_MAPK_Cancer_Cell_Fate_Network": 0.12135133882843167, "CC_Metabolic_Interactions_Gut_Microbiome": 0.024001713274437383, "CC_Neurotransmitter_Signaling_Pathway": 0.01658838661366877, "CC_Oxidative_Stress_Pathway": 0.06799049203472331, "CC_Predicting_Variabilities_in_Cardiac_Gene": 0.021936271703787705, "CC_Pro-inflammatory_Tumor_Microenvironment_in_Acute_Lymphoblastic_Leukemia": 0.041896672037262654, "CC_Processing_of_Spz_Network_from_Drosophila_Signaling_Pathway": 1.1344069611328202e-16, "CC_Senescence_Associated_Secretory_Phenotype": 0.046057418425829603, "CC_Septation_Initiation_Network": 0.025287267326482402, "CC_SKBR3_Breast_Cellline_Long-term_ErbB_Network_v1": 0.027880285281578678, "CC_Stomatal_Opening_Model": 0.018729033343672315, "CC_T-Cell_Signaling_2006": 0.008016005321122417, "CC_T-LGL_Survival_Network_2008": 0.0018164760930678518, "CC_T-LGL_Survival_Network_2011": 0.0024877447634478627, "CC_T-LGL_Survival_Network_2011_Reduced_Network": 0.0003500237523042212, "CC_Trichostrongylus_retortaeformis": 0.022753553662986946, "CC_Tumour_Cell_Invasion_and_Migration": 0.09359118027453689, "CC_T_cell_differentiation": 0.023250843231014885, "CC_VEGF_Pathway_of_Drosophila_Signaling_Pathway": 0.0, "CC_Wg_Pathway_of_Drosophila_Signalling_Pathways": 0.004699258988168127}