{"CC_Apoptosis_Network": 0.05161926168949619, "CC_Arabidopsis_thaliana_CC": 0.1465771921076859, "CC_Aurora_Kinase_A": 0.07129559534561437, "CC_Body_Segmentation": 0.1031841418057126, "CC_Bordetella_bronchiseptica": 0.050796585969015116, "CC_Bortezomib_Responses_in_U266": 0.03951204284520269, "CC_BT474_Breast_Cell": 0.08598392333341447, "CC_BT474_Breast_Cell_v2": 0.1326893452797945, "CC_Budding _Yeast_CC_2009": 0.0832440687033006, "CC_Budding_Yeast_Cell_Cycle": 0.07993667639496226, "CC_B_bronchiseptica": 0.045764535341010895, "CC_B_cell_differentiation": 0.06623892126343253, "CC_Cardiac_development": 0.1349038563330001, "CC_CD4p_TCell_Diff_Plas": 0.08210757840405716, "CC_CD4_Tcell_signaling": 0.02637537608534978, "CC_CellCycle_Transc_Coup_CDK_Oscillators": 0.14272480642961255, "CC_Cholesterol_Regulatory_Pathway": 0.0222621349565992, "CC_Colitis_associated_colon_cancer": 0.03938151910184376, "CC_Cortical_Area_Development": 0.1915579401759281, "CC_Death_Receptor_Signaling": 0.07004760286167304, "CC_EGFR_ErbB_Signaling": 0.04829827665581881, "CC_Fanconi_anemia_and_checkpoint_recovery": 0.13074269979384204, "CC_FA_BRCA_pathway": 0.07566778180069654, "CC_FGF_pathway_of_Drosophila_Signalling_Pathways": 0.10024064016676615, "CC_Guard_Cell_Abscisic_Acid_Signaling": 0.04326648740412916, "CC_HCC1954_Breast_Cell_Line_Short-term_ErbB_Network": 0.1268925259984605, "CC_HGF_Signaling_in_Keratinocytes": 0.030779276422510427, "CC_HH_Pathway_of_Drosophila_Signaling_Pathways": 0.06473578630497877, "CC_HIV1_interactions_with_TCell_Signalling_Pathway": 0.037909509983317116, "CC_Human_Gonadal_Sex_Determination": 0.1047264470488641, "CC_IL_1_Signaling": 0.03695036615983985, "CC_IL_6_Signalling": 0.035216279964056706, "CC_Influenza_A_Virus_Replication_Cycle": 0.019469348535797234, "CC_Iron_acquisition_and_oxidative_stress_response_in_aspergillus_fumigatus": 0.046150653435244014, "CC_Lac_Operon": 0.15020818885799805, "CC_Lymphoid_and_myeloid_cell specification": 0.0857629314760517, "CC_Mammalian_Cell_Cycle": 0.08945379465895119, "CC_Mammalian_Cell_Cycle_2006": 0.11334750217803656, "CC_MAPK_Cancer_Cell_Fate_Network": 0.04017463447579842, "CC_Metabolic_Interactions_Gut_Microbiome": 0.10365923236964344, "CC_Neurotransmitter_Signaling_Pathway": 0.08203745016251215, "CC_Ovarian_Cycle_Follicular_Phase": 0.07654655446197431, "CC_Oxidative_Stress_Pathway": 0.09466432284236967, "CC_PC12_Cell_Differentiation": 0.03285512025258452, "CC_Predicting_Variabilities_in_Cardiac_Gene": 0.13530056386308256, "CC_Pro-inflammatory_Tumor_Microenvironment_in_Acute_Lymphoblastic_Leukemia": 0.04860772445058711, "CC_Processing_of_Spz_Network_from_Drosophila_Signaling_Pathway": 0.057871527766203947, "CC_Regulation_of_L-arabinose_operon_of_Escherichia_coli": 0.07752383588494251, "CC_Senescence_Associated_Secretory_Phenotype": 0.05680692171522402, "CC_Septation_Initiation_Network": 0.09476559923607163, "CC_SKBR3_Breast_Cellline_Long-term_ErbB_Network_v1": 0.06309477013902537, "CC_Stomatal_Opening_Model": 0.05230094406096511, "CC_T-Cell_Signaling_2006": 0.023822957986911787, "CC_T-LGL_Survival_Network_2008": 0.04564021400407593, "CC_T-LGL_Survival_Network_2011": 0.05519214127452111, "CC_T-LGL_Survival_Network_2011_Reduced_Network": 0.1261520980873955, "CC_Toll_Pathway_of_Drosophila_Signaling_Pathway": 0.10210406483029799, "CC_Trichostrongylus_retortaeformis": 0.06589343248340042, "CC_Tumour_Cell_Invasion_and_Migration": 0.07390451876251225, "CC_T_cell_differentiation": 0.08784530423503868, "CC_VEGF_Pathway_of_Drosophila_Signaling_Pathway": 0.14869805348796974, "CC_Wg_Pathway_of_Drosophila_Signalling_Pathways": 0.07454217015983197}